-- MySQL dump 10.13  Distrib 8.0.30, for Win64 (x86_64)
--
-- Host: i8a602.p.ssafy.io    Database: ssafy_web_db
-- ------------------------------------------------------
-- Server version	8.0.30

/*!40101 SET @OLD_CHARACTER_SET_CLIENT=@@CHARACTER_SET_CLIENT */;
/*!40101 SET @OLD_CHARACTER_SET_RESULTS=@@CHARACTER_SET_RESULTS */;
/*!40101 SET @OLD_COLLATION_CONNECTION=@@COLLATION_CONNECTION */;
/*!50503 SET NAMES utf8mb4 */;
/*!40103 SET @OLD_TIME_ZONE=@@TIME_ZONE */;
/*!40103 SET TIME_ZONE='+00:00' */;
/*!40014 SET @OLD_UNIQUE_CHECKS=@@UNIQUE_CHECKS, UNIQUE_CHECKS=0 */;
/*!40014 SET @OLD_FOREIGN_KEY_CHECKS=@@FOREIGN_KEY_CHECKS, FOREIGN_KEY_CHECKS=0 */;
/*!40101 SET @OLD_SQL_MODE=@@SQL_MODE, SQL_MODE='NO_AUTO_VALUE_ON_ZERO' */;
/*!40111 SET @OLD_SQL_NOTES=@@SQL_NOTES, SQL_NOTES=0 */;

--
-- Table structure for table `alarm_default`
--

DROP TABLE IF EXISTS `alarm_default`;
/*!40101 SET @saved_cs_client     = @@character_set_client */;
/*!50503 SET character_set_client = utf8mb4 */;
CREATE TABLE `alarm_default` (
  `user_id` bigint NOT NULL,
  `consulting_alarm` bit(1) DEFAULT b'1',
  `notice_alarm` bit(1) DEFAULT b'1',
  `survey_alarm` bit(1) DEFAULT b'1',
  PRIMARY KEY (`user_id`),
  CONSTRAINT `FKe52reo4pgeb1b0bevj52u8xr5` FOREIGN KEY (`user_id`) REFERENCES `user` (`user_idx`)
) ENGINE=InnoDB DEFAULT CHARSET=utf8mb4 COLLATE=utf8mb4_unicode_ci;
/*!40101 SET character_set_client = @saved_cs_client */;

--
-- Dumping data for table `alarm_default`
--

LOCK TABLES `alarm_default` WRITE;
/*!40000 ALTER TABLE `alarm_default` DISABLE KEYS */;
INSERT INTO `alarm_default` VALUES (1,_binary '',_binary '',_binary ''),(2,_binary '',_binary '',_binary ''),(3,_binary '',_binary '',_binary ''),(4,_binary '',_binary '',_binary ''),(5,_binary '',_binary '',_binary ''),(6,_binary '',_binary '',_binary ''),(7,_binary '',_binary '',_binary ''),(8,_binary '',_binary '',_binary ''),(9,_binary '',_binary '',_binary ''),(10,_binary '',_binary '',_binary ''),(11,_binary '',_binary '',_binary ''),(12,_binary '',_binary '',_binary ''),(13,_binary '',_binary '',_binary ''),(14,_binary '',_binary '',_binary ''),(15,_binary '',_binary '',_binary ''),(16,_binary '',_binary '',_binary ''),(17,_binary '',_binary '',_binary ''),(18,_binary '',_binary '',_binary ''),(19,_binary '',_binary '',_binary ''),(20,_binary '',_binary '',_binary ''),(21,_binary '',_binary '',_binary ''),(22,_binary '',_binary '',_binary ''),(23,_binary '',_binary '',_binary ''),(24,_binary '',_binary '',_binary ''),(25,_binary '',_binary '',_binary ''),(26,_binary '',_binary '',_binary ''),(27,_binary '',_binary '',_binary ''),(28,_binary '',_binary '',_binary ''),(29,_binary '',_binary '',_binary ''),(30,_binary '',_binary '',_binary ''),(31,_binary '',_binary '',_binary ''),(32,_binary '',_binary '',_binary ''),(33,_binary '',_binary '',_binary ''),(34,_binary '',_binary '',_binary ''),(35,_binary '',_binary '',_binary ''),(36,_binary '',_binary '',_binary ''),(37,_binary '',_binary '',_binary ''),(38,_binary '',_binary '',_binary ''),(39,_binary '',_binary '',_binary ''),(40,_binary '',_binary '',_binary ''),(41,_binary '',_binary '',_binary ''),(42,_binary '',_binary '',_binary ''),(43,_binary '',_binary '',_binary ''),(44,_binary '',_binary '',_binary ''),(45,_binary '',_binary '',_binary ''),(46,_binary '',_binary '',_binary ''),(47,_binary '',_binary '',_binary ''),(48,_binary '',_binary '',_binary ''),(49,_binary '',_binary '',_binary ''),(50,_binary '',_binary '',_binary ''),(51,_binary '',_binary '',_binary ''),(52,_binary '',_binary '',_binary ''),(53,_binary '',_binary '',_binary ''),(54,_binary '',_binary '',_binary ''),(55,_binary '',_binary '',_binary ''),(56,_binary '',_binary '',_binary ''),(57,_binary '',_binary '',_binary ''),(58,_binary '',_binary '',_binary ''),(59,_binary '',_binary '',_binary ''),(60,_binary '',_binary '',_binary ''),(61,_binary '',_binary '',_binary ''),(62,_binary '',_binary '',_binary ''),(63,_binary '',_binary '',_binary ''),(64,_binary '',_binary '',_binary ''),(65,_binary '',_binary '',_binary ''),(66,_binary '',_binary '',_binary ''),(67,_binary '',_binary '',_binary ''),(68,_binary '',_binary '',_binary ''),(69,_binary '',_binary '',_binary ''),(70,_binary '',_binary '',_binary ''),(71,_binary '',_binary '',_binary ''),(72,_binary '',_binary '',_binary ''),(73,_binary '',_binary '',_binary ''),(74,_binary '',_binary '',_binary ''),(75,_binary '',_binary '',_binary ''),(76,_binary '',_binary '',_binary ''),(77,_binary '',_binary '',_binary ''),(78,_binary '',_binary '',_binary ''),(79,_binary '',_binary '',_binary ''),(80,_binary '',_binary '',_binary ''),(81,_binary '',_binary '',_binary ''),(82,_binary '',_binary '',_binary ''),(83,_binary '',_binary '',_binary ''),(84,_binary '',_binary '',_binary ''),(85,_binary '',_binary '',_binary ''),(86,_binary '',_binary '',_binary ''),(87,_binary '',_binary '',_binary ''),(88,_binary '',_binary '',_binary ''),(89,_binary '',_binary '',_binary ''),(90,_binary '',_binary '',_binary ''),(91,_binary '',_binary '',_binary ''),(92,_binary '',_binary '',_binary ''),(93,_binary '',_binary '',_binary ''),(94,_binary '',_binary '',_binary ''),(95,_binary '',_binary '',_binary ''),(96,_binary '',_binary '',_binary ''),(555,_binary '',_binary '',_binary ''),(846285,_binary '',_binary '',_binary '');
/*!40000 ALTER TABLE `alarm_default` ENABLE KEYS */;
UNLOCK TABLES;

--
-- Table structure for table `attendance`
--

DROP TABLE IF EXISTS `attendance`;
/*!40101 SET @saved_cs_client     = @@character_set_client */;
/*!50503 SET character_set_client = utf8mb4 */;
CREATE TABLE `attendance` (
  `attendance_category` int NOT NULL,
  `attendance_date` date NOT NULL,
  `user_idx` bigint NOT NULL,
  PRIMARY KEY (`attendance_category`,`attendance_date`,`user_idx`),
  KEY `FK2dxovhkw3vig4t53ii1cufd7r` (`user_idx`),
  CONSTRAINT `FK2dxovhkw3vig4t53ii1cufd7r` FOREIGN KEY (`user_idx`) REFERENCES `user` (`user_idx`)
) ENGINE=InnoDB DEFAULT CHARSET=utf8mb4 COLLATE=utf8mb4_unicode_ci;
/*!40101 SET character_set_client = @saved_cs_client */;

--
-- Dumping data for table `attendance`
--

LOCK TABLES `attendance` WRITE;
/*!40000 ALTER TABLE `attendance` DISABLE KEYS */;
INSERT INTO `attendance` VALUES (0,'2022-01-01',1),(0,'2022-04-11',1),(0,'2022-07-20',1),(0,'2022-10-28',1),(1,'2022-04-12',1),(1,'2022-07-22',1),(1,'2022-10-31',1),(2,'2022-04-13',1),(2,'2022-07-24',1),(2,'2022-11-03',1),(3,'2022-01-02',1),(3,'2022-01-03',1),(3,'2022-01-04',1),(3,'2022-01-05',1),(3,'2022-01-06',1),(3,'2022-01-07',1),(3,'2022-01-08',1),(3,'2022-01-09',1),(3,'2022-01-10',1),(3,'2022-01-11',1),(3,'2022-01-12',1),(3,'2022-01-13',1),(3,'2022-01-14',1),(3,'2022-01-15',1),(3,'2022-01-16',1),(3,'2022-01-17',1),(3,'2022-01-18',1),(3,'2022-01-19',1),(3,'2022-01-20',1),(3,'2022-01-21',1),(3,'2022-01-22',1),(3,'2022-01-23',1),(3,'2022-01-24',1),(3,'2022-01-25',1),(3,'2022-01-26',1),(3,'2022-01-27',1),(3,'2022-01-28',1),(3,'2022-01-29',1),(3,'2022-01-30',1),(3,'2022-01-31',1),(3,'2022-02-01',1),(3,'2022-02-02',1),(3,'2022-02-03',1),(3,'2022-02-04',1),(3,'2022-02-05',1),(3,'2022-02-06',1),(3,'2022-02-07',1),(3,'2022-02-08',1),(3,'2022-02-09',1),(3,'2022-02-10',1),(3,'2022-02-11',1),(3,'2022-02-12',1),(3,'2022-02-13',1),(3,'2022-02-14',1),(3,'2022-02-17',1),(3,'2022-02-18',1),(3,'2022-02-19',1),(3,'2022-02-20',1),(3,'2022-02-21',1),(3,'2022-02-22',1),(3,'2022-02-23',1),(3,'2022-02-24',1),(3,'2022-02-25',1),(3,'2022-02-26',1),(3,'2022-02-27',1),(3,'2022-02-28',1),(3,'2022-03-01',1),(3,'2022-03-02',1),(3,'2022-03-03',1),(3,'2022-03-04',1),(3,'2022-03-05',1),(3,'2022-03-06',1),(3,'2022-03-07',1),(3,'2022-03-08',1),(3,'2022-03-09',1),(3,'2022-03-10',1),(3,'2022-03-11',1),(3,'2022-03-12',1),(3,'2022-03-13',1),(3,'2022-03-14',1),(3,'2022-03-15',1),(3,'2022-03-16',1),(3,'2022-03-17',1),(3,'2022-03-18',1),(3,'2022-03-19',1),(3,'2022-03-20',1),(3,'2022-03-21',1),(3,'2022-03-22',1),(3,'2022-03-23',1),(3,'2022-03-24',1),(3,'2022-03-25',1),(3,'2022-03-26',1),(3,'2022-03-27',1),(3,'2022-03-28',1),(3,'2022-03-29',1),(3,'2022-03-30',1),(3,'2022-03-31',1),(3,'2022-04-01',1),(3,'2022-04-02',1),(3,'2022-04-03',1),(3,'2022-04-04',1),(3,'2022-04-05',1),(3,'2022-04-06',1),(3,'2022-04-07',1),(3,'2022-04-08',1),(3,'2022-04-09',1),(3,'2022-04-10',1),(3,'2022-04-16',1),(3,'2022-04-17',1),(3,'2022-04-18',1),(3,'2022-04-19',1),(3,'2022-04-20',1),(3,'2022-04-21',1),(3,'2022-04-22',1),(3,'2022-04-23',1),(3,'2022-04-24',1),(3,'2022-04-25',1),(3,'2022-04-26',1),(3,'2022-04-27',1),(3,'2022-04-28',1),(3,'2022-04-29',1),(3,'2022-04-30',1),(3,'2022-05-01',1),(3,'2022-05-02',1),(3,'2022-05-03',1),(3,'2022-05-04',1),(3,'2022-05-05',1),(3,'2022-05-06',1),(3,'2022-05-07',1),(3,'2022-05-08',1),(3,'2022-05-09',1),(3,'2022-05-10',1),(3,'2022-05-11',1),(3,'2022-05-12',1),(3,'2022-05-13',1),(3,'2022-05-14',1),(3,'2022-05-15',1),(3,'2022-05-16',1),(3,'2022-05-17',1),(3,'2022-05-18',1),(3,'2022-05-19',1),(3,'2022-05-20',1),(3,'2022-05-21',1),(3,'2022-05-22',1),(3,'2022-05-23',1),(3,'2022-05-24',1),(3,'2022-05-25',1),(3,'2022-05-26',1),(3,'2022-05-27',1),(3,'2022-05-28',1),(3,'2022-05-29',1),(3,'2022-05-30',1),(3,'2022-05-31',1),(3,'2022-06-01',1),(3,'2022-06-02',1),(3,'2022-06-03',1),(3,'2022-06-04',1),(3,'2022-06-05',1),(3,'2022-06-06',1),(3,'2022-06-07',1),(3,'2022-06-08',1),(3,'2022-06-09',1),(3,'2022-06-10',1),(3,'2022-06-11',1),(3,'2022-06-12',1),(3,'2022-06-13',1),(3,'2022-06-14',1),(3,'2022-06-15',1),(3,'2022-06-16',1),(3,'2022-06-17',1),(3,'2022-06-18',1),(3,'2022-06-19',1),(3,'2022-06-20',1),(3,'2022-06-21',1),(3,'2022-06-22',1),(3,'2022-06-23',1),(3,'2022-06-24',1),(3,'2022-06-25',1),(3,'2022-06-26',1),(3,'2022-06-27',1),(3,'2022-06-28',1),(3,'2022-06-29',1),(3,'2022-06-30',1),(3,'2022-07-01',1),(3,'2022-07-02',1),(3,'2022-07-03',1),(3,'2022-07-04',1),(3,'2022-07-05',1),(3,'2022-07-06',1),(3,'2022-07-07',1),(3,'2022-07-08',1),(3,'2022-07-09',1),(3,'2022-07-10',1),(3,'2022-07-11',1),(3,'2022-07-12',1),(3,'2022-07-13',1),(3,'2022-07-14',1),(3,'2022-07-15',1),(3,'2022-07-16',1),(3,'2022-07-17',1),(3,'2022-07-18',1),(3,'2022-07-19',1),(3,'2022-07-21',1),(3,'2022-07-23',1),(3,'2022-07-25',1),(3,'2022-07-27',1),(3,'2022-07-29',1),(3,'2022-07-30',1),(3,'2022-07-31',1),(3,'2022-08-01',1),(3,'2022-08-02',1),(3,'2022-08-03',1),(3,'2022-08-04',1),(3,'2022-08-05',1),(3,'2022-08-06',1),(3,'2022-08-07',1),(3,'2022-08-08',1),(3,'2022-08-09',1),(3,'2022-08-10',1),(3,'2022-08-11',1),(3,'2022-08-12',1),(3,'2022-08-13',1),(3,'2022-08-14',1),(3,'2022-08-15',1),(3,'2022-08-16',1),(3,'2022-08-17',1),(3,'2022-08-18',1),(3,'2022-08-19',1),(3,'2022-08-20',1),(3,'2022-08-21',1),(3,'2022-08-22',1),(3,'2022-08-23',1),(3,'2022-08-24',1),(3,'2022-08-25',1),(3,'2022-08-26',1),(3,'2022-08-27',1),(3,'2022-08-28',1),(3,'2022-08-29',1),(3,'2022-08-30',1),(3,'2022-08-31',1),(3,'2022-09-01',1),(3,'2022-09-02',1),(3,'2022-09-03',1),(3,'2022-09-04',1),(3,'2022-09-05',1),(3,'2022-09-06',1),(3,'2022-09-07',1),(3,'2022-09-08',1),(3,'2022-09-09',1),(3,'2022-09-10',1),(3,'2022-09-11',1),(3,'2022-09-12',1),(3,'2022-09-13',1),(3,'2022-09-14',1),(3,'2022-09-15',1),(3,'2022-09-16',1),(3,'2022-09-17',1),(3,'2022-09-18',1),(3,'2022-09-19',1),(3,'2022-09-20',1),(3,'2022-09-21',1),(3,'2022-09-22',1),(3,'2022-09-23',1),(3,'2022-09-24',1),(3,'2022-09-25',1),(3,'2022-09-26',1),(3,'2022-09-27',1),(3,'2022-09-28',1),(3,'2022-09-29',1),(3,'2022-09-30',1),(3,'2022-10-01',1),(3,'2022-10-02',1),(3,'2022-10-03',1),(3,'2022-10-04',1),(3,'2022-10-05',1),(3,'2022-10-06',1),(3,'2022-10-07',1),(3,'2022-10-08',1),(3,'2022-10-09',1),(3,'2022-10-10',1),(3,'2022-10-11',1),(3,'2022-10-12',1),(3,'2022-10-13',1),(3,'2022-10-14',1),(3,'2022-10-15',1),(3,'2022-10-16',1),(3,'2022-10-17',1),(3,'2022-10-18',1),(3,'2022-10-19',1),(3,'2022-10-20',1),(3,'2022-10-21',1),(3,'2022-10-22',1),(3,'2022-10-23',1),(3,'2022-10-24',1),(3,'2022-10-25',1),(3,'2022-10-26',1),(3,'2022-10-27',1),(3,'2022-10-29',1),(3,'2022-10-30',1),(3,'2022-11-01',1),(3,'2022-11-02',1),(3,'2022-11-04',1),(3,'2022-11-05',1),(3,'2022-11-07',1),(3,'2022-11-08',1),(3,'2022-11-10',1),(3,'2022-11-11',1),(3,'2022-11-12',1),(3,'2022-11-13',1),(3,'2022-11-14',1),(3,'2022-11-15',1),(3,'2022-11-16',1),(3,'2022-11-17',1),(3,'2022-11-18',1),(3,'2022-11-19',1),(3,'2022-11-20',1),(3,'2022-11-21',1),(3,'2022-11-22',1),(3,'2022-11-23',1),(3,'2022-11-24',1),(3,'2022-11-25',1),(3,'2022-11-26',1),(3,'2022-11-27',1),(3,'2022-11-28',1),(3,'2022-11-29',1),(3,'2022-11-30',1),(3,'2022-12-01',1),(3,'2022-12-02',1),(3,'2022-12-03',1),(3,'2022-12-04',1),(3,'2022-12-05',1),(3,'2022-12-06',1),(3,'2022-12-07',1),(3,'2022-12-08',1),(3,'2022-12-09',1),(3,'2022-12-10',1),(3,'2022-12-11',1),(3,'2022-12-12',1),(3,'2022-12-13',1),(3,'2022-12-14',1),(3,'2022-12-15',1),(3,'2022-12-16',1),(3,'2022-12-17',1),(3,'2022-12-18',1),(3,'2022-12-19',1),(3,'2022-12-20',1),(3,'2022-12-21',1),(3,'2022-12-22',1),(3,'2022-12-23',1),(3,'2022-12-24',1),(3,'2022-12-25',1),(3,'2022-12-26',1),(3,'2022-12-27',1),(3,'2022-12-28',1),(3,'2022-12-29',1),(3,'2022-12-30',1),(3,'2022-12-31',1),(4,'2022-02-15',1),(4,'2022-04-14',1),(4,'2022-07-26',1),(4,'2022-11-06',1),(5,'2022-02-16',1),(5,'2022-04-15',1),(5,'2022-07-28',1),(5,'2022-11-09',1),(0,'2022-01-02',2),(0,'2022-04-12',2),(0,'2022-07-21',2),(0,'2022-10-29',2),(1,'2022-04-13',2),(1,'2022-07-23',2),(1,'2022-11-01',2),(2,'2022-04-14',2),(2,'2022-07-25',2),(2,'2022-11-04',2),(3,'2022-01-01',2),(3,'2022-01-03',2),(3,'2022-01-04',2),(3,'2022-01-05',2),(3,'2022-01-06',2),(3,'2022-01-07',2),(3,'2022-01-08',2),(3,'2022-01-09',2),(3,'2022-01-10',2),(3,'2022-01-11',2),(3,'2022-01-12',2),(3,'2022-01-13',2),(3,'2022-01-14',2),(3,'2022-01-15',2),(3,'2022-01-16',2),(3,'2022-01-17',2),(3,'2022-01-18',2),(3,'2022-01-19',2),(3,'2022-01-20',2),(3,'2022-01-21',2),(3,'2022-01-22',2),(3,'2022-01-23',2),(3,'2022-01-24',2),(3,'2022-01-25',2),(3,'2022-01-26',2),(3,'2022-01-27',2),(3,'2022-01-28',2),(3,'2022-01-29',2),(3,'2022-01-30',2),(3,'2022-01-31',2),(3,'2022-02-01',2),(3,'2022-02-02',2),(3,'2022-02-03',2),(3,'2022-02-04',2),(3,'2022-02-05',2),(3,'2022-02-06',2),(3,'2022-02-07',2),(3,'2022-02-08',2),(3,'2022-02-09',2),(3,'2022-02-10',2),(3,'2022-02-11',2),(3,'2022-02-12',2),(3,'2022-02-13',2),(3,'2022-02-14',2),(3,'2022-02-17',2),(3,'2022-02-18',2),(3,'2022-02-19',2),(3,'2022-02-20',2),(3,'2022-02-21',2),(3,'2022-02-22',2),(3,'2022-02-23',2),(3,'2022-02-24',2),(3,'2022-02-25',2),(3,'2022-02-26',2),(3,'2022-02-27',2),(3,'2022-02-28',2),(3,'2022-03-01',2),(3,'2022-03-02',2),(3,'2022-03-03',2),(3,'2022-03-04',2),(3,'2022-03-05',2),(3,'2022-03-06',2),(3,'2022-03-07',2),(3,'2022-03-08',2),(3,'2022-03-09',2),(3,'2022-03-10',2),(3,'2022-03-11',2),(3,'2022-03-12',2),(3,'2022-03-13',2),(3,'2022-03-14',2),(3,'2022-03-15',2),(3,'2022-03-16',2),(3,'2022-03-17',2),(3,'2022-03-18',2),(3,'2022-03-19',2),(3,'2022-03-20',2),(3,'2022-03-21',2),(3,'2022-03-22',2),(3,'2022-03-23',2),(3,'2022-03-24',2),(3,'2022-03-25',2),(3,'2022-03-26',2),(3,'2022-03-27',2),(3,'2022-03-28',2),(3,'2022-03-29',2),(3,'2022-03-30',2),(3,'2022-03-31',2),(3,'2022-04-01',2),(3,'2022-04-02',2),(3,'2022-04-03',2),(3,'2022-04-04',2),(3,'2022-04-05',2),(3,'2022-04-06',2),(3,'2022-04-07',2),(3,'2022-04-08',2),(3,'2022-04-09',2),(3,'2022-04-10',2),(3,'2022-04-11',2),(3,'2022-04-17',2),(3,'2022-04-18',2),(3,'2022-04-19',2),(3,'2022-04-20',2),(3,'2022-04-21',2),(3,'2022-04-22',2),(3,'2022-04-23',2),(3,'2022-04-24',2),(3,'2022-04-25',2),(3,'2022-04-26',2),(3,'2022-04-27',2),(3,'2022-04-28',2),(3,'2022-04-29',2),(3,'2022-04-30',2),(3,'2022-05-01',2),(3,'2022-05-02',2),(3,'2022-05-03',2),(3,'2022-05-04',2),(3,'2022-05-05',2),(3,'2022-05-06',2),(3,'2022-05-07',2),(3,'2022-05-08',2),(3,'2022-05-09',2),(3,'2022-05-10',2),(3,'2022-05-11',2),(3,'2022-05-12',2),(3,'2022-05-13',2),(3,'2022-05-14',2),(3,'2022-05-15',2),(3,'2022-05-16',2),(3,'2022-05-17',2),(3,'2022-05-18',2),(3,'2022-05-19',2),(3,'2022-05-20',2),(3,'2022-05-21',2),(3,'2022-05-22',2),(3,'2022-05-23',2),(3,'2022-05-24',2),(3,'2022-05-25',2),(3,'2022-05-26',2),(3,'2022-05-27',2),(3,'2022-05-28',2),(3,'2022-05-29',2),(3,'2022-05-30',2),(3,'2022-05-31',2),(3,'2022-06-01',2),(3,'2022-06-02',2),(3,'2022-06-03',2),(3,'2022-06-04',2),(3,'2022-06-05',2),(3,'2022-06-06',2),(3,'2022-06-07',2),(3,'2022-06-08',2),(3,'2022-06-09',2),(3,'2022-06-10',2),(3,'2022-06-11',2),(3,'2022-06-12',2),(3,'2022-06-13',2),(3,'2022-06-14',2),(3,'2022-06-15',2),(3,'2022-06-16',2),(3,'2022-06-17',2),(3,'2022-06-18',2),(3,'2022-06-19',2),(3,'2022-06-20',2),(3,'2022-06-21',2),(3,'2022-06-22',2),(3,'2022-06-23',2),(3,'2022-06-24',2),(3,'2022-06-25',2),(3,'2022-06-26',2),(3,'2022-06-27',2),(3,'2022-06-28',2),(3,'2022-06-29',2),(3,'2022-06-30',2),(3,'2022-07-01',2),(3,'2022-07-02',2),(3,'2022-07-03',2),(3,'2022-07-04',2),(3,'2022-07-05',2),(3,'2022-07-06',2),(3,'2022-07-07',2),(3,'2022-07-08',2),(3,'2022-07-09',2),(3,'2022-07-10',2),(3,'2022-07-11',2),(3,'2022-07-12',2),(3,'2022-07-13',2),(3,'2022-07-14',2),(3,'2022-07-15',2),(3,'2022-07-16',2),(3,'2022-07-17',2),(3,'2022-07-18',2),(3,'2022-07-19',2),(3,'2022-07-20',2),(3,'2022-07-22',2),(3,'2022-07-24',2),(3,'2022-07-26',2),(3,'2022-07-28',2),(3,'2022-07-30',2),(3,'2022-07-31',2),(3,'2022-08-01',2),(3,'2022-08-02',2),(3,'2022-08-03',2),(3,'2022-08-04',2),(3,'2022-08-05',2),(3,'2022-08-06',2),(3,'2022-08-07',2),(3,'2022-08-08',2),(3,'2022-08-09',2),(3,'2022-08-10',2),(3,'2022-08-11',2),(3,'2022-08-12',2),(3,'2022-08-13',2),(3,'2022-08-14',2),(3,'2022-08-15',2),(3,'2022-08-16',2),(3,'2022-08-17',2),(3,'2022-08-18',2),(3,'2022-08-19',2),(3,'2022-08-20',2),(3,'2022-08-21',2),(3,'2022-08-22',2),(3,'2022-08-23',2),(3,'2022-08-24',2),(3,'2022-08-25',2),(3,'2022-08-26',2),(3,'2022-08-27',2),(3,'2022-08-28',2),(3,'2022-08-29',2),(3,'2022-08-30',2),(3,'2022-08-31',2),(3,'2022-09-01',2),(3,'2022-09-02',2),(3,'2022-09-03',2),(3,'2022-09-04',2),(3,'2022-09-05',2),(3,'2022-09-06',2),(3,'2022-09-07',2),(3,'2022-09-08',2),(3,'2022-09-09',2),(3,'2022-09-10',2),(3,'2022-09-11',2),(3,'2022-09-12',2),(3,'2022-09-13',2),(3,'2022-09-14',2),(3,'2022-09-15',2),(3,'2022-09-16',2),(3,'2022-09-17',2),(3,'2022-09-18',2),(3,'2022-09-19',2),(3,'2022-09-20',2),(3,'2022-09-21',2),(3,'2022-09-22',2),(3,'2022-09-23',2),(3,'2022-09-24',2),(3,'2022-09-25',2),(3,'2022-09-26',2),(3,'2022-09-27',2),(3,'2022-09-28',2),(3,'2022-09-29',2),(3,'2022-09-30',2),(3,'2022-10-01',2),(3,'2022-10-02',2),(3,'2022-10-03',2),(3,'2022-10-04',2),(3,'2022-10-05',2),(3,'2022-10-06',2),(3,'2022-10-07',2),(3,'2022-10-08',2),(3,'2022-10-09',2),(3,'2022-10-10',2),(3,'2022-10-11',2),(3,'2022-10-12',2),(3,'2022-10-13',2),(3,'2022-10-14',2),(3,'2022-10-15',2),(3,'2022-10-16',2),(3,'2022-10-17',2),(3,'2022-10-18',2),(3,'2022-10-19',2),(3,'2022-10-20',2),(3,'2022-10-21',2),(3,'2022-10-22',2),(3,'2022-10-23',2),(3,'2022-10-24',2),(3,'2022-10-25',2),(3,'2022-10-26',2),(3,'2022-10-27',2),(3,'2022-10-28',2),(3,'2022-10-30',2),(3,'2022-10-31',2),(3,'2022-11-02',2),(3,'2022-11-03',2),(3,'2022-11-05',2),(3,'2022-11-06',2),(3,'2022-11-08',2),(3,'2022-11-09',2),(3,'2022-11-11',2),(3,'2022-11-12',2),(3,'2022-11-13',2),(3,'2022-11-14',2),(3,'2022-11-15',2),(3,'2022-11-16',2),(3,'2022-11-17',2),(3,'2022-11-18',2),(3,'2022-11-19',2),(3,'2022-11-20',2),(3,'2022-11-21',2),(3,'2022-11-22',2),(3,'2022-11-23',2),(3,'2022-11-24',2),(3,'2022-11-25',2),(3,'2022-11-26',2),(3,'2022-11-27',2),(3,'2022-11-28',2),(3,'2022-11-29',2),(3,'2022-11-30',2),(3,'2022-12-01',2),(3,'2022-12-02',2),(3,'2022-12-03',2),(3,'2022-12-04',2),(3,'2022-12-05',2),(3,'2022-12-06',2),(3,'2022-12-07',2),(3,'2022-12-08',2),(3,'2022-12-09',2),(3,'2022-12-10',2),(3,'2022-12-11',2),(3,'2022-12-12',2),(3,'2022-12-13',2),(3,'2022-12-14',2),(3,'2022-12-15',2),(3,'2022-12-16',2),(3,'2022-12-17',2),(3,'2022-12-18',2),(3,'2022-12-19',2),(3,'2022-12-20',2),(3,'2022-12-21',2),(3,'2022-12-22',2),(3,'2022-12-23',2),(3,'2022-12-24',2),(3,'2022-12-25',2),(3,'2022-12-26',2),(3,'2022-12-27',2),(3,'2022-12-28',2),(3,'2022-12-29',2),(3,'2022-12-30',2),(3,'2022-12-31',2),(4,'2022-02-15',2),(4,'2022-04-15',2),(4,'2022-07-27',2),(4,'2022-11-07',2),(5,'2022-02-16',2),(5,'2022-04-16',2),(5,'2022-07-29',2),(5,'2022-11-10',2),(0,'2022-02-01',846285),(1,'2022-02-02',846285),(3,'2022-02-05',846285),(3,'2022-02-06',846285),(3,'2022-02-07',846285),(3,'2022-02-08',846285),(3,'2022-02-09',846285),(3,'2022-02-10',846285),(3,'2022-02-11',846285),(3,'2022-02-12',846285),(3,'2022-02-13',846285),(3,'2022-02-14',846285),(3,'2022-02-15',846285),(4,'2022-02-03',846285),(5,'2022-02-04',846285);
/*!40000 ALTER TABLE `attendance` ENABLE KEYS */;
UNLOCK TABLES;

--
-- Table structure for table `authority`
--

DROP TABLE IF EXISTS `authority`;
/*!40101 SET @saved_cs_client     = @@character_set_client */;
/*!50503 SET character_set_client = utf8mb4 */;
CREATE TABLE `authority` (
  `authority_name` varchar(50) COLLATE utf8mb4_unicode_ci NOT NULL,
  PRIMARY KEY (`authority_name`)
) ENGINE=InnoDB DEFAULT CHARSET=utf8mb4 COLLATE=utf8mb4_unicode_ci;
/*!40101 SET character_set_client = @saved_cs_client */;

--
-- Dumping data for table `authority`
--

LOCK TABLES `authority` WRITE;
/*!40000 ALTER TABLE `authority` DISABLE KEYS */;
INSERT INTO `authority` VALUES ('ROLE_ADMIN'),('ROLE_USER');
/*!40000 ALTER TABLE `authority` ENABLE KEYS */;
UNLOCK TABLES;

--
-- Table structure for table `category`
--

DROP TABLE IF EXISTS `category`;
/*!40101 SET @saved_cs_client     = @@character_set_client */;
/*!50503 SET character_set_client = utf8mb4 */;
CREATE TABLE `category` (
  `id` bigint NOT NULL AUTO_INCREMENT,
  `category` varchar(255) CHARACTER SET utf8mb4 COLLATE utf8mb4_unicode_ci DEFAULT NULL,
  PRIMARY KEY (`id`)
) ENGINE=InnoDB DEFAULT CHARSET=utf8mb4 COLLATE=utf8mb4_unicode_ci;
/*!40101 SET character_set_client = @saved_cs_client */;

--
-- Dumping data for table `category`
--

LOCK TABLES `category` WRITE;
/*!40000 ALTER TABLE `category` DISABLE KEYS */;
/*!40000 ALTER TABLE `category` ENABLE KEYS */;
UNLOCK TABLES;

--
-- Table structure for table `hibernate_sequence`
--

DROP TABLE IF EXISTS `hibernate_sequence`;
/*!40101 SET @saved_cs_client     = @@character_set_client */;
/*!50503 SET character_set_client = utf8mb4 */;
CREATE TABLE `hibernate_sequence` (
  `next_val` bigint DEFAULT NULL
) ENGINE=InnoDB DEFAULT CHARSET=utf8mb4 COLLATE=utf8mb4_unicode_ci;
/*!40101 SET character_set_client = @saved_cs_client */;

--
-- Dumping data for table `hibernate_sequence`
--

LOCK TABLES `hibernate_sequence` WRITE;
/*!40000 ALTER TABLE `hibernate_sequence` DISABLE KEYS */;
INSERT INTO `hibernate_sequence` VALUES (20);
/*!40000 ALTER TABLE `hibernate_sequence` ENABLE KEYS */;
UNLOCK TABLES;

--
-- Table structure for table `hibernate_sequences`
--

DROP TABLE IF EXISTS `hibernate_sequences`;
/*!40101 SET @saved_cs_client     = @@character_set_client */;
/*!50503 SET character_set_client = utf8mb4 */;
CREATE TABLE `hibernate_sequences` (
  `sequence_name` varchar(255) CHARACTER SET utf8mb4 COLLATE utf8mb4_unicode_ci NOT NULL,
  `next_val` bigint DEFAULT NULL,
  PRIMARY KEY (`sequence_name`)
) ENGINE=InnoDB DEFAULT CHARSET=utf8mb4 COLLATE=utf8mb4_unicode_ci;
/*!40101 SET character_set_client = @saved_cs_client */;

--
-- Dumping data for table `hibernate_sequences`
--

LOCK TABLES `hibernate_sequences` WRITE;
/*!40000 ALTER TABLE `hibernate_sequences` DISABLE KEYS */;
INSERT INTO `hibernate_sequences` VALUES ('default',0);
/*!40000 ALTER TABLE `hibernate_sequences` ENABLE KEYS */;
UNLOCK TABLES;

--
-- Table structure for table `job_info`
--

DROP TABLE IF EXISTS `job_info`;
/*!40101 SET @saved_cs_client     = @@character_set_client */;
/*!50503 SET character_set_client = utf8mb4 */;
CREATE TABLE `job_info` (
  `id` bigint NOT NULL AUTO_INCREMENT,
  `company` varchar(255) CHARACTER SET utf8mb4 COLLATE utf8mb4_unicode_ci DEFAULT NULL,
  `end_date` bigint DEFAULT NULL,
  `job` varchar(255) CHARACTER SET utf8mb4 COLLATE utf8mb4_unicode_ci DEFAULT NULL,
  `link` varchar(255) CHARACTER SET utf8mb4 COLLATE utf8mb4_unicode_ci DEFAULT NULL,
  `start_date` bigint DEFAULT NULL,
  `company_name` varchar(255) CHARACTER SET utf8mb4 COLLATE utf8mb4_unicode_ci DEFAULT NULL,
  PRIMARY KEY (`id`)
) ENGINE=InnoDB AUTO_INCREMENT=61 DEFAULT CHARSET=utf8mb4 COLLATE=utf8mb4_unicode_ci;
/*!40101 SET character_set_client = @saved_cs_client */;

--
-- Dumping data for table `job_info`
--

LOCK TABLES `job_info` WRITE;
/*!40000 ALTER TABLE `job_info` DISABLE KEYS */;
INSERT INTO `job_info` VALUES (1,'라인',20230305124627,'프론트엔드','www.???.com',20230215124627,NULL),(2,'당근',20230225124627,'MLOps','www.???.com',20230211124627,NULL),(3,'SK',20230303124627,'MLOps','www.???.com',20230217124627,NULL),(4,'SK',20230308124627,'DBA','www.???.com',20230218124627,NULL),(5,'삼성',20230226124627,'프론트엔드','www.???.com',20230212124627,NULL),(6,'카카오',20230305124627,'MLOps','www.???.com',20230218124627,NULL),(7,'카카오',20230302124627,'프론트엔드','www.???.com',20230213124627,NULL),(8,'네이버',20230301124627,'DE','www.???.com',20230211124627,NULL),(9,'라인',20230228124627,'DE','www.???.com',20230210124627,NULL),(10,'쿠팡',20230305124627,'DE','www.???.com',20230213124627,NULL),(11,'SK',20230301124627,'DE','www.???.com',20230214124627,NULL),(12,'LG',20230305124627,'DBA','www.???.com',20230215124627,NULL),(13,'당근',20230301124627,'프론트엔드','www.???.com',20230215124627,NULL),(14,'라인',20230306124627,'MLOps','www.???.com',20230214124627,NULL),(15,'쿠팡',20230306124627,'DevOps','www.???.com',20230216124627,NULL),(16,'삼성',20230306124627,'MLOps','www.???.com',20230215124627,NULL),(17,'SK',20230226124627,'백엔드','www.???.com',20230212124627,NULL),(18,'토스',20230227124627,'DBA','www.???.com',20230211124627,NULL),(19,'LG',20230302124627,'DE','www.???.com',20230214124627,NULL),(20,'토스',20230307124627,'DE','www.???.com',20230215124627,NULL),(21,'배달의 민족',20230301124627,'DE','www.???.com',20230213124627,NULL),(22,'LG',20230226124627,'DevOps','www.???.com',20230212124627,NULL),(23,'라인',20230301124627,'백엔드','www.???.com',20230214124627,NULL),(24,'네이버',20230303124627,'DBA','www.???.com',20230212124627,NULL),(25,'당근',20230228124627,'DevOps','www.???.com',20230214124627,NULL),(26,'카카오',20230305124627,'DBA','www.???.com',20230216124627,NULL),(27,'삼성',20230228124627,'백엔드','www.???.com',20230214124627,NULL),(28,'배달의 민족',20230309124627,'백엔드','www.???.com',20230217124627,NULL),(29,'배달의 민족',20230303124627,'DevOps','www.???.com',20230212124627,NULL),(30,'구글 코리아',20230304124627,'DevOps','www.???.com',20230213124627,NULL),(31,'구글 코리아',20230301125012,'백엔드','www.???.com',20230212125012,NULL),(32,'삼성',20230304125012,'DevOps','www.???.com',20230216125012,NULL),(33,'쿠팡',20230310125012,'프론트엔드','www.???.com',20230218125012,NULL),(34,'네이버',20230309125012,'MLOps','www.???.com',20230218125012,NULL),(35,'쿠팡',20230304125012,'DBA','www.???.com',20230216125012,NULL),(36,'카카오',20230306125012,'DevOps','www.???.com',20230214125012,NULL),(37,'라인',20230228125012,'DevOps','www.???.com',20230211125012,NULL),(38,'구글 코리아',20230228125012,'DBA','www.???.com',20230213125012,NULL),(39,'네이버',20230302125012,'DevOps','www.???.com',20230212125012,NULL),(40,'구글 코리아',20230306125012,'프론트엔드','www.???.com',20230214125012,NULL),(41,'LG',20230228125012,'MLOps','www.???.com',20230210125012,NULL),(42,'SK',20230304125012,'DevOps','www.???.com',20230215125012,NULL),(43,'카카오',20230228125012,'백엔드','www.???.com',20230212125012,NULL),(44,'당근',20230228125012,'백엔드','www.???.com',20230214125012,NULL),(45,'LG',20230304125012,'백엔드','www.???.com',20230218125012,NULL),(46,'구글 코리아',20230305125012,'MLOps','www.???.com',20230214125012,NULL),(47,'구글 코리아',20230225125012,'DE','www.???.com',20230210125012,NULL),(48,'삼성',20230306125012,'DE','www.???.com',20230214125012,NULL),(49,'당근',20230308125012,'DE','www.???.com',20230217125012,NULL),(50,'토스',20230304125012,'백엔드','www.???.com',20230214125012,NULL),(51,'LG',20230303125012,'프론트엔드','www.???.com',20230216125012,NULL),(52,'배달의 민족',20230302125012,'MLOps','www.???.com',20230214125012,NULL),(53,'네이버',20230301125012,'백엔드','www.???.com',20230214125012,NULL),(54,'쿠팡',20230304125012,'백엔드','www.???.com',20230216125012,NULL),(55,'토스',20230228125012,'DevOps','www.???.com',20230213125012,NULL),(56,'SK',20230304125012,'프론트엔드','www.???.com',20230215125012,NULL),(57,'라인',20230302125012,'DBA','www.???.com',20230216125012,NULL),(58,'삼성',20230302125012,'DBA','www.???.com',20230215125012,NULL),(59,'토스',20230228125012,'MLOps','www.???.com',20230214125012,NULL),(60,'쿠팡',20230307125012,'MLOps','www.???.com',20230217125012,NULL);
/*!40000 ALTER TABLE `job_info` ENABLE KEYS */;
UNLOCK TABLES;

--
-- Table structure for table `logout_token`
--

DROP TABLE IF EXISTS `logout_token`;
/*!40101 SET @saved_cs_client     = @@character_set_client */;
/*!50503 SET character_set_client = utf8mb4 */;
CREATE TABLE `logout_token` (
  `token` varchar(255) COLLATE utf8mb4_unicode_ci NOT NULL,
  `expired_at` datetime(6) DEFAULT NULL,
  `user_email` varchar(255) COLLATE utf8mb4_unicode_ci NOT NULL,
  PRIMARY KEY (`token`)
) ENGINE=InnoDB DEFAULT CHARSET=utf8mb4 COLLATE=utf8mb4_unicode_ci;
/*!40101 SET character_set_client = @saved_cs_client */;

--
-- Dumping data for table `logout_token`
--

LOCK TABLES `logout_token` WRITE;
/*!40000 ALTER TABLE `logout_token` DISABLE KEYS */;
/*!40000 ALTER TABLE `logout_token` ENABLE KEYS */;
UNLOCK TABLES;

--
-- Table structure for table `lunch_menu`
--

DROP TABLE IF EXISTS `lunch_menu`;
/*!40101 SET @saved_cs_client     = @@character_set_client */;
/*!50503 SET character_set_client = utf8mb4 */;
CREATE TABLE `lunch_menu` (
  `id` bigint NOT NULL AUTO_INCREMENT,
  `cho` int DEFAULT NULL,
  `course` varchar(50) COLLATE utf8mb4_unicode_ci DEFAULT NULL,
  `date` varchar(8) COLLATE utf8mb4_unicode_ci NOT NULL,
  `fat` int DEFAULT NULL,
  `image_url` varchar(255) COLLATE utf8mb4_unicode_ci DEFAULT NULL,
  `kcal` int DEFAULT NULL,
  `main_menu` varchar(100) COLLATE utf8mb4_unicode_ci DEFAULT NULL,
  `protein` int DEFAULT NULL,
  `region` int NOT NULL,
  `side_menu` varchar(500) COLLATE utf8mb4_unicode_ci DEFAULT NULL,
  `sodium` int DEFAULT NULL,
  PRIMARY KEY (`id`)
) ENGINE=InnoDB AUTO_INCREMENT=111 DEFAULT CHARSET=utf8mb4 COLLATE=utf8mb4_unicode_ci;
/*!40101 SET character_set_client = @saved_cs_client */;

--
-- Dumping data for table `lunch_menu`
--

LOCK TABLES `lunch_menu` WRITE;
/*!40000 ALTER TABLE `lunch_menu` DISABLE KEYS */;
INSERT INTO `lunch_menu` VALUES (1,201,'A:한식','20230213',39,'http://samsungwelstory.com/data/manager/recipe/E110/20230213/s20201210095554.png',1368,'우삼겹된장덮밥',53,0,'오징어뭇국, 토마토계란볶음, 고구마맛탕, 상추겉절이, 배추겉절이, 석류차',2160),(2,191,'B:일품','20230213',22,'http://samsungwelstory.com/data/manager/recipe/E110/20230213/s20221007145950.png',1101,'새우튀김우동',29,0,'채소주먹밥, 물만두, 그린샐러드, 드레싱, 단무지, 배추김치, 석류차',3219),(3,131,'한식사계','20230213',23,'http://samsungwelstory.com/data/manager/recipe/E32M/20230213/s20230213104204.jpg',832,'날치알밥',30,1,'바지락맑은국, 매콤즐겨바, 콘샐러드, 오이지무침',3196),(4,109,'모던키친','20230213',29,'http://samsungwelstory.com/data/manager/recipe/E32M/20230213/s20230213104221.jpg',834,'묵은지해장국',33,1,'계란말이*케찹, 느타리버섯볶음, 오이지무침, 쌀밥',3028),(5,170,'스냅스낵','20230213',6,'http://samsungwelstory.com/data/manager/recipe/E32M/20230213/s20230213104249.jpg',829,'라면(멸치칼국수)',23,1,'매콤즐겨바, 카스타드, 쌀밥, 단무지, 스프라이트',2606),(6,113,'동방식객','20230213',25,'http://samsungwelstory.com/data/manager/recipe/E32M/20230213/s20230213104127.jpg',833,'곤드레나물밥*양념장',47,1,'청국장찌개, 갈치매콤무조림, 느타리버섯볶음, 봄동나물',2505),(7,21,'SELF 배식대','20230213',20,'http://samsungwelstory.com/data/manager/recipe/E32M/20230213/s20230213104311.jpg',366,'그린샐러드&드레싱2종',27,1,'궁보계정, 포기김치, 깍두기',1464),(8,0,'A코너','20230213',0,'http://samsungwelstory.com/data/manager/recipe/E21F/20230213/s20230213105442.jpg',595,'삼겹김치조림',0,2,'동글호박전, 메추리알조림, 참나물겉절이',0),(9,0,'C코너','20230213',0,'http://samsungwelstory.com/data/manager/recipe/E21F/20230213/s20230213105451.jpg',1049,'백합해물짬뽕',0,2,'유린기, 양파&춘장, 단무지',0),(10,186,'A:한식','20230214',21,'http://samsungwelstory.com/data/manager/recipe/E110/20230214/s20220114115543.png',1112,'순살안동찜닭',46,0,'찰흑미밥, 아욱된장국, 연근강정, 미역초무침, 배추김치, 매실차',2761),(11,180,'B:일품','20230214',27,'http://samsungwelstory.com/data/manager/recipe/E110/20230214/s20220513171226.jpg',1115,'새우필라프',38,0,'계란후라이, 가다랭이국, 떡볶이, 단호박샐러드, 오복지무침, 배추김치, 매실차',2490),(12,162,'한식사계','20230214',20,'http://samsungwelstory.com/data/manager/recipe/E32M/20230214/s20230214104647.jpg',988,'안동찜닭',43,1,'수제비국, 맛살채소볶음, 참나물생채, 쌀밥',2091),(13,159,'모던키친','20230214',25,'http://samsungwelstory.com/data/manager/recipe/E32M/20230214/s20230214104712.jpg',1028,'돈육두루치기',44,1,'냉이된장찌개, 김치전, 참나물생채, 쌀밥',2779),(14,176,'스냅스낵','20230214',31,'http://samsungwelstory.com/data/manager/recipe/E32M/20230214/s20230214104737.jpg',1080,'라면(오징어짬뽕)',25,1,'치즈사리, 새우가스&타르타르, 쌀밥, 단무지, 데미소다',2813),(15,161,'동방식객','20230214',25,'http://samsungwelstory.com/data/manager/recipe/E32M/20230214/s20230214104625.jpg',1073,'(반반육수)양지쌀국수',44,1,'파인애플볶음밥, 새우가스&타르타르, 양파채레몬절임',3653),(16,55,'SELF 배식대','20230214',28,'http://samsungwelstory.com/data/manager/recipe/E32M/20230214/s20230214104801.jpg',518,'오렌지',13,1,'포기김치, 백김치, 가나초콜렛, 꼬마돈가스*케찹',972),(17,0,'A코너','20230214',0,'http://samsungwelstory.com/data/manager/recipe/E21F/20230214/s20230214105856.jpg',629,'주꾸미볶음',0,2,'비빔나물/된장찌개, 계란찜, 미역줄기볶음',0),(18,0,'C코너','20230214',0,'http://samsungwelstory.com/data/manager/recipe/E21F/20230214/s20230214105905.jpg',1203,'함박스테이크',0,2,'김치해물우동, 멕시칸샐러드, 단무지',0),(19,114,'A:한식','20230215',15,'http://samsungwelstory.com/data/manager/recipe/main/100026/1184.png',682,'돼지고기김치찌개',25,0,'혼합잡곡밥, 계란장조림, 청포묵무침, 김구이, 깍두기, 아이스초코',1739),(20,252,'B:일품','20230215',15,'http://samsungwelstory.com/data/manager/recipe/E110/20230215/s20220919104516.png',1264,'햄버그스테이크',36,0,'쌀밥&후리카케, 일식장국, 더운채소, 그린샐러드, 드레싱, 배추김치, 아이스초코',2252),(21,128,'동방식객','20230215',21,'http://samsungwelstory.com/data/manager/recipe/E32M/20230215/s20221104165738.png',937,'불향오징어주꾸미볶음&소면사리',60,1,'쌀밥, 쪽파장국, 메추리알장조림, 재래김구이*갈릭마요소스',2377),(22,151,'모던키친','20230215',30,'http://samsungwelstory.com/data/manager/recipe/E32M/20230215/s20230126172456.jpg',1080,'황기닭다리백숙',46,1,'땅콩조림, 야채잡채, 치커리겉절이, 쌀밥',1681),(23,207,'스냅스낵','20230215',24,'http://samsungwelstory.com/data/manager/recipe/E32M/20230215/s20220413182022.png',1146,'라면(남자라면)',27,1,'캘리포니아롤(1/2), 쌀밥, 단무지, 2%부족할때',2822),(24,159,'한식사계','20230215',45,'http://samsungwelstory.com/data/manager/recipe/E32M/20230215/s20230213143507.jpg',1182,'돈갈비구이',37,1,'바나나구이, 야채볶음밥, 더운야채, 실곤약샐러드, 오이피클, 콜라',2237),(25,25,'SELF 배식대','20230215',12,'http://samsungwelstory.com/data/manager/recipe/E32M/20230215/s20191023161249.jpg',272,'한입가득동그랑땡전',16,1,'알새우칩, 포기김치, 탕깍두기',1009),(26,0,'A코너','20230215',0,'',520,'전복닭개장',0,2,'코코넛새우까스&소스, 양념어묵볶음, 마늘종장아찌',0),(27,0,'C코너','20230215',0,'',798,'돼지수육',0,2,'비빔막국수/우동국물, 마늘종장아찌, 무채초절임',0),(28,171,'A:한식','20230216',15,'http://samsungwelstory.com/data/manager/recipe/E110/20230216/s20200401160629.png',981,'나주곰탕',42,0,'차조밥, 오징어김치전, 멸치견과류볶음, 열무들기름무침, 석박지, 수정과',2948),(29,195,'B:일품','20230216',36,'http://samsungwelstory.com/data/manager/recipe/E110/20230216/s20220928162448.png',1209,'잡채덮밥&자장소스',34,0,'다시마뭇국, 매콤깐풍기, 콩나물겨자냉채, 짜사이채무침, 배추김치, 수정과',2816),(30,144,'한식사계','20230216',26,'http://samsungwelstory.com/data/manager/recipe/E32M/20230216/s20220713102545.png',903,'버섯만두전골',25,1,'언양식바싹불고기&불고기소스, 고사리볶음, 겨울초생채, 쌀밥',1200),(31,137,'모던키친','20230216',28,'http://samsungwelstory.com/data/manager/recipe/E32M/20230216/s20211227165917.jpg',953,'등뼈해장국',40,1,'비엔나케찹볶음, 명엽채볶음, 겨울초생채, 쌀밥',2615),(32,223,'스냅스낵','20230216',17,'http://samsungwelstory.com/data/manager/recipe/E32M/20230216/s20220413182528.png',1148,'속풀이해장라면(열라면)',19,1,'우엉주먹밥, 쌀밥, 단무지, 워터젤리',2495),(33,104,'동방식객','20230216',50,'http://samsungwelstory.com/data/manager/recipe/E32M/20230216/s20220617142015.jpg',1001,'참치마요비빔밥',31,1,'팽이버섯맑은국, 오징어문어핫바*케찹/머스타드, 블루베리샐러드',1807),(34,57,'SELF 배식대','20230216',8,'http://samsungwelstory.com/data/manager/recipe/E32M/20230216/s20230213160417.jpg',372,'사과',16,1,'포기김치, 깍두기, 어묵고추장무침',1818),(35,0,'A코너','20230216',0,'',709,'육개장',0,2,'브로컬리&오징어숙회, 두부구이, 풋고추양파장아찌',0),(36,0,'C코너','20230216',0,'',1040,'닭다리살구이',0,2,'닭갈비볶음밥&순두부백탕, 만다린샐러드, 오이피클',0),(37,219,'A:한식','20230217',29,'http://samsungwelstory.com/data/manager/recipe/E110/20230217/s20201228153612.jpg',1288,'반반돼지불고기',40,0,'수수밥, 미역국, 와사비무쌈, 오이양파무침, 배추김치, 라임차',3084),(38,131,'B:일품','20230217',40,'http://samsungwelstory.com/data/manager/recipe/E110/20230217/s20220929114937.png',1010,'옛날도시락비빔밥',35,0,'미역국, 양배추샐러드, 드레싱, 오이양파무침, 깻잎지무침, 깍두기, 라임차',3181),(39,143,'한식사계','20230217',37,'http://samsungwelstory.com/data/manager/recipe/E32M/20230217/s20230208154704.jpg',983,'돌솥비빔밥',30,1,'시금치된장국, 고구마맛탕, 마카로니샐러드, 다시마튀각',1652),(40,98,'별미공방','20230217',17,'http://samsungwelstory.com/data/manager/recipe/E32M/20230217/s20211214092312.jpg',694,'매생이굴국밥',40,1,'애호박전*간장, 계란찜, 진미채고추장무침',2129),(41,184,'스냅스낵','20230217',27,'http://samsungwelstory.com/data/manager/recipe/E32M/20230217/s20190326150022.jpg',1068,'라면(꼬꼬면)',21,1,'브라우니, 스트링치즈, 쌀밥, 단무지, 오란씨',2587),(42,135,'동방식객','20230217',32,'http://samsungwelstory.com/data/manager/recipe/E32M/20230217/s20230213140007.jpg',981,'볶짜면',36,1,'깐풍기, 짜사이채무침, 마시는요구르트',1389),(43,20,'SELF 배식대','20230217',15,'http://samsungwelstory.com/data/manager/recipe/E32M/20230217/s20210818092551.jpg',278,'그린샐러드&드레싱2종',13,1,'두부두루치기, 포기김치, 백김치',1152),(44,0,'A코너','20230217',0,'',1078,'스팸만두짜글이',0,2,'바싹불고기, 견과류멸치조림, 해초무침',0),(45,0,'C코너','20230217',0,'',694,'머릿고기순살돼지국밥',0,2,'부추전&양념장, 건새우마늘종볶음, 무생채',0),(46,117,'소담상','20230213',27,'https://cjfw-prd-nb-fsapp-s3.s3.ap-northeast-2.amazonaws.com/upload/meal/20230213_GzT_1676251627003.JPG',898,'꼬막비빔밥',49,3,'유채된장국, 쌀밥, 파래김구이, 새우완자전, 포기김치',2550),(47,116,'육수고집','20230213',2,'https://cjfw-prd-nb-fsapp-s3.s3.ap-northeast-2.amazonaws.com/upload/meal/20230213_xTp_1676251786622.JPG',720,'전복미역국',24,3,'잡곡밥, 닭가슴살장조림, 포기김치, 오징어젓갈',2529),(48,218,'더고메','20230213',46,'https://cjfw-prd-nb-fsapp-s3.s3.ap-northeast-2.amazonaws.com/upload/meal/20230213_20r_1676251813198.JPG',1067,'고메함박스테이크',32,3,'미니밥, 쫄면야채무침, 스위트콘감자샐러드, 음료, 양송이스프',2176),(49,147,'차이나호','20230213',25,'https://cjfw-prd-nb-fsapp-s3.s3.ap-northeast-2.amazonaws.com/upload/meal/20230213_0UC_1676251891402.JPG',865,'얼큰버섯호박찌개',45,3,'잡곡밥, 맛살계란찜, 포기김치, 오이맛고추된장',3406),(50,217,'속이찬새참(라면)','20230213',22,'https://cjfw-prd-nb-fsapp-s3.s3.ap-northeast-2.amazonaws.com/upload/meal/20230213_Uv5_1676251835450.JPG',958,'얼큰너구리라면',27,3,'샐러드김밥, 포기김치, 단무지, 음료',1717),(51,213,'서비스코너','20230213',3,'https://cjfw-prd-nb-fsapp-s3.s3.ap-northeast-2.amazonaws.com/upload/meal/20230213_VEx_1676251871730.JPG',971,'김치볶음',14,3,'쌀밥, 현미/찰현미, 포기김치, 깍두기, 음료, 그린샐러드',593),(52,2,'면역강화','20230213',4,'https://cjfw-prd-nb-fsapp-s3.s3.ap-northeast-2.amazonaws.com/upload/meal/20230211_HIQ_1676114416935.png',50,'홍삼파우치',2,3,'',138),(53,117,'샌드위치팩','20230213',46,'https://cjfw-prd-nb-fsapp-s3.s3.ap-northeast-2.amazonaws.com/upload/meal/20230211_uKb_1676114367932.JPG',1019,'고소담백맛살SD',14,3,'케이준치킨&햄SD, 핫바, 음료',1917),(54,103,'착즙주스팩','20230213',50,'https://cjfw-prd-nb-fsapp-s3.s3.ap-northeast-2.amazonaws.com/upload/meal/20230211_5Se_1676114379842.png',870,'고소담백맛살SD',12,3,'케이준치킨&햄SD, 망고애플, 원더베리',1709),(55,31,'헬스팩','20230213',26,'https://cjfw-prd-nb-fsapp-s3.s3.ap-northeast-2.amazonaws.com/upload/meal/20230211_H56_1676114393257.jpeg',380,'닭가슴살',10,3,'프로틴바, 프로틴음료',647),(56,255,'선택형','20230213',177,'https://cjfw-prd-nb-fsapp-s3.s3.ap-northeast-2.amazonaws.com/upload/meal/20230211_oTj_1676114402450.JPG',3634,'촉촉한고구마케익',135,3,'크림가득슈크림빵, 삶은계란&구운고구마, 삶은계란&구운감자, 플레인요거트&토핑(크렌베리,견과류,시리얼), 비요뜨, 컵과일(사과,오렌지,파인애플,방울토마토), 삶은계란(훈제란)&견과류, 보코치니치즈샐러드, 닭가슴살(직화통살구이,스테이크), 초콜릿라운드케이크, 비건테이블보틀선식(퍼플,네추럴), 너의하루보틀선식(코코,굿모닝), 희망찬하루보틀선식',6138),(57,156,'컵반팩','20230213',40,'https://cjfw-prd-nb-fsapp-s3.s3.ap-northeast-2.amazonaws.com/upload/meal/20230211_1wA_1676114442096.JPG',1403,'강된장보리비빔밥',45,3,'치킨마요컵밥, 순두부찌개, 쁘띠첼, 음료',4108),(58,75,'비비고죽팩','20230213',1,'https://cjfw-prd-nb-fsapp-s3.s3.ap-northeast-2.amazonaws.com/upload/meal/20230211_GHp_1676114452425.JPG',452,'누룽지닭백숙죽',8,3,'쁘띠첼, 음료',550),(59,166,'소담상','20230214',7,'https://cjfw-prd-nb-fsapp-s3.s3.ap-northeast-2.amazonaws.com/upload/meal/20230214_GRu_1676338274927.JPG',815,'뚝배기돼지불고기',50,3,'잡곡밥, 콩나물국, 큰멸치무조림, 봄동된장나물, 포기김치',3450),(60,162,'육수고집','20230214',14,'https://cjfw-prd-nb-fsapp-s3.s3.ap-northeast-2.amazonaws.com/upload/meal/20230214_J3k_1676338294148.JPG',893,'꼬지어묵전골',47,3,'잡곡밥, 볶음김치*온두부, 해초무침, 석박지',3842),(61,166,'더고메','20230214',34,'https://cjfw-prd-nb-fsapp-s3.s3.ap-northeast-2.amazonaws.com/upload/meal/20230214_Mwh_1676338307838.JPG',1088,'로스트반닭구이',38,3,'야채볶음밥&야채구이&감자튀김, 맑은유부국, 새우올리고빵, 단무지, 음료',2452),(62,131,'차이나호','20230214',6,'https://cjfw-prd-nb-fsapp-s3.s3.ap-northeast-2.amazonaws.com/upload/meal/20230214_Inc_1676338400758.JPG',754,'새우살볶음밥*짜장소스',19,3,'계란국, 지마구, 포기김치, 단무지',2224),(63,123,'속이찬새참(라면)','20230214',20,'https://cjfw-prd-nb-fsapp-s3.s3.ap-northeast-2.amazonaws.com/upload/meal/20230214_vWF_1676338349318.JPG',984,'틈새라면',16,3,'떡볶이,봉어묵튀김, 포기김치, 단무지, 음료',1705),(64,162,'서비스코너','20230214',3,'https://cjfw-prd-nb-fsapp-s3.s3.ap-northeast-2.amazonaws.com/upload/meal/20230214_5JU_1676338367436.JPG',767,'샐러드*드레싱',14,3,'쌀밥, 현미/찰현미, 포기김치, 깍두기',474),(65,2,'면역강화','20230214',4,'https://cjfw-prd-nb-fsapp-s3.s3.ap-northeast-2.amazonaws.com/upload/meal/20230211_fAV_1676115495256.png',50,'홍삼파우치',2,3,'',138),(66,117,'샌드위치팩','20230214',46,'https://cjfw-prd-nb-fsapp-s3.s3.ap-northeast-2.amazonaws.com/upload/meal/20230211_IZC_1676115331998.JPG',969,'햄치즈크라상SD',14,3,'포테이토햄SD, 핫바, 음료',1917),(67,103,'착즙주스팩','20230214',50,'https://cjfw-prd-nb-fsapp-s3.s3.ap-northeast-2.amazonaws.com/upload/meal/20230211_6aC_1676115366875.png',820,'햄치즈크라상SD',12,3,'포테이토햄SD, 원더베리, 망고애플',1709),(68,31,'헬스팩','20230214',26,'https://cjfw-prd-nb-fsapp-s3.s3.ap-northeast-2.amazonaws.com/upload/meal/20230211_IQj_1676115402843.jpeg',380,'닭가슴살',10,3,'프로틴바, 프로틴음료',647),(69,255,'선택형','20230214',177,'https://cjfw-prd-nb-fsapp-s3.s3.ap-northeast-2.amazonaws.com/upload/meal/20230211_Fyg_1676115413233.JPG',3459,'쁘띠파운드',135,3,'클래식카스테라, 삶은계란&구운고구마, 삶은계란&구운감자, 플레인요거트&토핑(크렌베리,견과류,시리얼), 비요뜨, 컵과일(사과,오렌지,파인애플,방울토마토,딸기), 삶은계란(훈제란)&견과류, 닭가슴살샐러드, 닭가슴살(직화통살구이,스테이크), 초콜릿라운드케이크, 비건테이블보틀선식(퍼플,네추럴), 너의하루보틀선식(쇼콜라,말차), 희망찬하루보틀선식',6138),(70,125,'컵반팩','20230214',58,'https://cjfw-prd-nb-fsapp-s3.s3.ap-northeast-2.amazonaws.com/upload/meal/20230211_KNA_1676115505794.JPG',1483,'스팸마요덮밥',88,3,'직화볶음짜장덮밥, 육개장국밥, 쁘띠첼, 음료',3894),(71,72,'비비고죽팩','20230214',6,'https://cjfw-prd-nb-fsapp-s3.s3.ap-northeast-2.amazonaws.com/upload/meal/20230211_sRL_1676115542665.JPG',555,'통단팥죽',7,3,'쁘띠첼, 음료',683),(72,236,'소담상','20230215',15,'',960,'마늘족발',60,3,'잡곡밥, 맑은홍합탕, 막국수무침, 모듬쌈, 포기김치',1799),(73,206,'육수고집','20230215',17,'',811,'내장국밥',34,3,'잡곡밥, 부들어묵볶음, 부추양파겉절이, 깍두기',2268),(74,224,'더고메','20230215',88,'',1229,'고메조각피자',115,3,'청양마요주먹밥, 오징어링튀김, 메가크런치, 피클, 음료',4742),(75,211,'차이나호','20230215',12,'',773,'해물칼국수',39,3,'추가밥, 비비고왕만두, 배추겉절이, 단무지',3086),(76,217,'속이찬새참(라면)','20230215',22,'',975,'맛있는라면',27,3,'마늘간장치킨, 포기김치, 단무지, 음료',1717),(77,211,'서비스코너','20230215',3,'',859,'비빔코너',14,3,'쌀밥, 현미/찰현미, 포기김치, 깍두기, 음료',575),(78,3,'면역강화','20230215',3,'https://cjfw-prd-nb-fsapp-s3.s3.ap-northeast-2.amazonaws.com/upload/meal/20230211_XS8_1676127398393.png',51,'석류파우치',4,3,'',209),(79,117,'샌드위치팩','20230215',46,'https://cjfw-prd-nb-fsapp-s3.s3.ap-northeast-2.amazonaws.com/upload/meal/20230211_B56_1676125556701.JPG',1019,'스위트햄치즈SD',14,3,'햄치즈포테이토SD, 핫바, 음료',1917),(80,103,'착즙주스팩','20230215',50,'https://cjfw-prd-nb-fsapp-s3.s3.ap-northeast-2.amazonaws.com/upload/meal/20230211_Kyq_1676125637799.png',870,'스위트햄치즈SD',12,3,'햄치즈포테이토SD, 원더베리, 망고애플',1709),(81,31,'헬스팩','20230215',26,'https://cjfw-prd-nb-fsapp-s3.s3.ap-northeast-2.amazonaws.com/upload/meal/20230211_KOn_1676125687180.jpeg',380,'닭가슴살',10,3,'프로틴바, 프로틴음료',647),(82,255,'선택형','20230215',177,'https://cjfw-prd-nb-fsapp-s3.s3.ap-northeast-2.amazonaws.com/upload/meal/20230211_TcU_1676125701719.JPG',3166,'달콤한초코칩머핀',135,3,'이천쌀슈크림빵, 삶은계란&구운고구마, 삶은계란&구운감자, 플레인요거트&토핑(크렌베리,견과류,시리얼), 비요뜨, 컵과일(사과,배,딸기,파인애플,귤), 삶은계란(훈제란)&견과류, 감자에그샐러드, 닭가슴살(직화통살구이,스테이크), 까망베르치즈케이크, 비건테이블보틀선식(퍼플,네추럴), 너의하루보틀선식(쇼콜라,굿나잇), 희망찬하루보틀선식',6138),(83,126,'컵반팩','20230215',30,'https://cjfw-prd-nb-fsapp-s3.s3.ap-northeast-2.amazonaws.com/upload/meal/20230211_1IW_1676127407971.JPG',1300,'직화불고기덮밥',58,3,'치킨커리덮밥, 황태국밥, 쁘띠첼, 음료',4813),(84,63,'비비고죽팩','20230215',2,'https://cjfw-prd-nb-fsapp-s3.s3.ap-northeast-2.amazonaws.com/upload/meal/20230212_jNI_1676128296611.JPG',500,'단호박죽',11,3,'쁘띠첼, 음료',552),(85,123,'소담상','20230216',9,'',816,'모듬생선구이',27,3,'잡곡밥, 김치국, 스팸두부조림, 고구마순볶음, 포기김치',1538),(86,154,'육수고집','20230216',6,'',816,'등갈비김치전골',33,3,'잡곡밥, 깻잎부추전, 미나리숙주무침, 깍두기',2558),(87,276,'더고메','20230216',29,'',954,'투움바스파게티',38,3,'후리가께밥, 치킨샐러드, 마늘바게트, 피클, 음료',1676),(88,105,'차이나호','20230216',13,'',662,'중국식쇠고기덮밥',25,3,'미역장국, 새우롤까스, 포기김치, 짜사이무침',2825),(89,217,'속이찬새참(라면)','20230216',22,'',975,'맛있는라면',27,3,'마늘간장치킨, 포기김치, 단무지, 음료',1717),(90,213,'서비스코너','20230216',3,'',971,'샐러드*드레싱',14,3,'쌀밥, 현미/찰현미, 김치볶음, 포기김치, 깍두기, 음료',593),(91,4,'면역강화','20230216',3,'https://cjfw-prd-nb-fsapp-s3.s3.ap-northeast-2.amazonaws.com/upload/meal/20230212_OXv_1676185043437.png',51,'블루베리파우치',4,3,'',203),(92,117,'샌드위치팩','20230216',46,'https://cjfw-prd-nb-fsapp-s3.s3.ap-northeast-2.amazonaws.com/upload/meal/20230212_JKV_1676183232333.JPG',1019,'로제치킨SD',14,3,'듬뿍햄치즈에그SD, 핫바, 음료',1917),(93,103,'착즙주스팩','20230216',50,'https://cjfw-prd-nb-fsapp-s3.s3.ap-northeast-2.amazonaws.com/upload/meal/20230212_4Tl_1676184205666.png',870,'로제치킨SD',12,3,'듬뿍햄치즈에그SD, 망고애플, 원더베리',1709),(94,31,'헬스팩','20230216',26,'https://cjfw-prd-nb-fsapp-s3.s3.ap-northeast-2.amazonaws.com/upload/meal/20230212_OqR_1676184845366.jpeg',380,'닭가슴살',10,3,'프로틴바, 프로틴음료',647),(95,255,'선택형','20230216',177,'https://cjfw-prd-nb-fsapp-s3.s3.ap-northeast-2.amazonaws.com/upload/meal/20230212_jXL_1676184942307.JPG',3274,'미니딸기샌드',135,3,'맛보로소보로, 삶은계란&구운고구마, 삶은계란&구운감자, 플레인요거트&토핑(크렌베리,견과류,시리얼), 비요뜨, 컵과일(사과,배,딸기,파인애플,귤), 삶은계란(훈제란)&견과류, 모듬치즈샐러드, 닭가슴살(직화통살구이,스테이크), 파베쇼콜라케이크, 비건테이블보틀선식(퍼플,네추럴), 너의하루보틀선식(오트앤너츠,굿나잇), 희망찬하루보틀선식',6138),(96,156,'컵반팩','20230216',40,'https://cjfw-prd-nb-fsapp-s3.s3.ap-northeast-2.amazonaws.com/upload/meal/20230212_5Oo_1676185055042.JPG',1343,'강된장보리비빔밥',45,3,'치킨마요컵밥, 순두부찌개, 쁘띠첼, 음료',4108),(97,99,'비비고죽팩','20230216',0,'https://cjfw-prd-nb-fsapp-s3.s3.ap-northeast-2.amazonaws.com/upload/meal/20230212_oAE_1676185094360.JPG',430,'전복죽',9,3,'쁘띠첼, 음료',510),(98,162,'소담상','20230217',35,'',979,'단호박찜닭',61,3,'잡곡밥, 삼색수제비국, 소시지전, 상추겉절이, 포기김치',1771),(99,216,'육수고집','20230217',17,'',862,'소고기국밥',38,3,'잡곡밥, 비엔나볶음, 고추지잎무침, 깍두기',3165),(100,165,'더고메','20230217',38,'',802,'우삼겹깍두기볶음밥',39,3,'미소시루, 고추까스, 견과류토핑샐러드, 단무지, 음료',2281),(101,199,'차이나호','20230217',12,'',939,'홍글이짬뽕',41,3,'잡곡밥, 군만두, 포기김치, 단무지',3629),(102,217,'속이찬새참(라면)','20230217',22,'',944,'육개장라면',27,3,'매콤어묵김밥, 포기김치, 단무지, 음료',1717),(103,213,'서비스코너','20230217',3,'',971,'김치볶음',14,3,'쌀밥, 현미/찰현미, 포기김치, 깍두기, 음료, 그린샐러드-CK',593),(104,2,'면역강화','20230217',4,'https://cjfw-prd-nb-fsapp-s3.s3.ap-northeast-2.amazonaws.com/upload/meal/20230212_Uxi_1676187963392.png',50,'홍삼파우치',2,3,'',138),(105,117,'샌드위치팩','20230217',46,'https://cjfw-prd-nb-fsapp-s3.s3.ap-northeast-2.amazonaws.com/upload/meal/20230212_sjf_1676186811202.JPG',1019,'블랙번에그SD',14,3,'인가SD, 핫바, 음료',1917),(106,103,'착즙주스팩','20230217',50,'https://cjfw-prd-nb-fsapp-s3.s3.ap-northeast-2.amazonaws.com/upload/meal/20230212_oKa_1676186843292.png',870,'블랙번에그SD',12,3,'인가SD, 원더베리, 망고애플',1709),(107,31,'헬스팩','20230217',26,'https://cjfw-prd-nb-fsapp-s3.s3.ap-northeast-2.amazonaws.com/upload/meal/20230212_Py3_1676186872391.jpeg',380,'닭가슴살',10,3,'프로틴바, 프로틴음료',647),(108,255,'선택형','20230217',177,'https://cjfw-prd-nb-fsapp-s3.s3.ap-northeast-2.amazonaws.com/upload/meal/20230212_orW_1676187544238.JPG',3224,'촉촉한치즈케익',135,3,'트윈호떡, 삶은계란&구운고구마, 삶은계란&구운감자, 플레인요거트&토핑(크렌베리,견과류,시리얼), 비요뜨, 컵과일(사과,배,단감,귤), 삶은계란(훈제란)&견과류, 망고샐러드, 닭가슴살(직화통살구이,스테이크), 초코티라미수케이크, 비건테이블보틀선식(퍼플,네추럴), 너의하루보틀선식(오트앤너츠,말차), 희망찬하루보틀선식',6138),(109,125,'컵반팩','20230217',58,'https://cjfw-prd-nb-fsapp-s3.s3.ap-northeast-2.amazonaws.com/upload/meal/20230212_mzm_1676187973086.JPG',1483,'스팸마요덮밥',88,3,'직화볶음짜장덮밥, 육개장국밥, 쁘띠첼, 음료',3894),(110,72,'비비고죽팩','20230217',6,'https://cjfw-prd-nb-fsapp-s3.s3.ap-northeast-2.amazonaws.com/upload/meal/20230212_ily_1676188018815.JPG',555,'통단팥죽',7,3,'쁘띠첼, 음료',683);
/*!40000 ALTER TABLE `lunch_menu` ENABLE KEYS */;
UNLOCK TABLES;

--
-- Table structure for table `meet_list`
--

DROP TABLE IF EXISTS `meet_list`;
/*!40101 SET @saved_cs_client     = @@character_set_client */;
/*!50503 SET character_set_client = utf8mb4 */;
CREATE TABLE `meet_list` (
  `rez_idx` int NOT NULL AUTO_INCREMENT,
  `category` varchar(255) COLLATE utf8mb4_unicode_ci NOT NULL,
  `manager_id` bigint NOT NULL,
  `reject` varchar(255) COLLATE utf8mb4_unicode_ci DEFAULT NULL,
  `rez_date` date NOT NULL,
  `rez_time` double NOT NULL,
  `state` int DEFAULT '1',
  `student_id` bigint NOT NULL,
  `title` varchar(255) COLLATE utf8mb4_unicode_ci DEFAULT NULL,
  `session_id` varchar(255) COLLATE utf8mb4_unicode_ci DEFAULT NULL,
  `sub_time` datetime DEFAULT NULL,
  PRIMARY KEY (`rez_idx`),
  KEY `manager_id` (`manager_id`),
  KEY `student_id` (`student_id`),
  CONSTRAINT `meet_list_ibfk_1` FOREIGN KEY (`manager_id`) REFERENCES `user` (`user_idx`) ON UPDATE CASCADE,
  CONSTRAINT `meet_list_ibfk_2` FOREIGN KEY (`student_id`) REFERENCES `user` (`user_idx`) ON UPDATE CASCADE
) ENGINE=InnoDB AUTO_INCREMENT=29 DEFAULT CHARSET=utf8mb4 COLLATE=utf8mb4_unicode_ci;
/*!40101 SET character_set_client = @saved_cs_client */;

--
-- Dumping data for table `meet_list`
--

LOCK TABLES `meet_list` WRITE;
/*!40000 ALTER TABLE `meet_list` DISABLE KEYS */;
INSERT INTO `meet_list` VALUES (1,'cs',11,'test','2021-02-14',17,4,21,'면접준비 과정에서 필요한 부분',NULL,'2023-02-16 03:44:37'),(2,'cs',11,'test','2021-02-14',17,4,22,'면접준비 과정에서 필요한 부분',NULL,'2023-02-16 03:44:48'),(3,'cs',11,'test','2021-02-14',17,3,23,'면접준비 과정에서 필요한 부분','ses_AmWQkrYKj1','2023-02-16 03:44:57'),(4,'cs',11,'test','2021-02-14',17,4,24,'면접준비 과정에서 필요한 부분',NULL,'2023-02-16 03:44:59'),(5,'cs',11,'test','2021-02-15',17,4,25,'면접준비 과정에서 필요한 부분',NULL,'2023-02-16 03:45:12'),(6,'te',11,NULL,'2023-02-16',9.5,4,21,'te',NULL,'2023-02-16 09:25:21'),(7,'werwer',11,NULL,'2023-02-16',10.5,4,22,'fdfd',NULL,'2023-02-16 10:29:21'),(8,'ch-up',11,NULL,'2023-02-17',13.5,2,21,'SsaTal guide','ses_J4dzpmCl9p','2023-02-16 10:53:13'),(9,'webrtc',11,NULL,'2023-02-16',13.5,4,21,'openvidu test',NULL,'2023-02-16 13:26:55'),(10,'sdfds',12,NULL,'2023-02-16',13,4,21,'fsdfd',NULL,'2023-02-16 14:26:11'),(11,'1212',11,NULL,'2023-02-16',13,4,21,'time test',NULL,'2023-02-16 14:28:24'),(12,'333',11,NULL,'2023-02-16',14,4,21,'time test',NULL,'2023-02-16 14:29:53'),(20,'취업',1,NULL,'2023-02-17',14,2,22,'아 다했다','ses_WcQJNAMY9x','2023-02-16 18:52:15'),(22,'취업',1,'지방 출장으로 인한 반려','2023-02-17',13,3,846285,'취업 상담 신청합니다',NULL,'2023-02-16 21:52:16'),(23,'취업',1,NULL,'2023-02-17',15,2,846285,'취업상담 신청합니다','ses_EFvVlpLqr2','2023-02-16 21:54:32'),(24,'ㅎㅎ',1,NULL,'2023-02-17',10,2,21,'ㅇㅇ','ses_DcuGfFm1VO','2023-02-17 10:29:40'),(25,'ㅇ',3,NULL,'2023-02-18',10,1,24,'ㅇ',NULL,'2023-02-17 10:47:28'),(26,'취업, 공통 프로젝트',3,NULL,'2023-02-17',14,2,24,'상담신청 합니다','ses_XH0qIDZ0c6','2023-02-17 10:56:11'),(27,'취업, FE',3,NULL,'2023-02-17',11,4,24,'상담 신청합니다','ses_D6tnS4tuto','2023-02-17 11:00:03'),(28,'취업',2,NULL,'2023-02-17',11,4,22,'상담요청','ses_BrsfrWxE7x','2023-02-17 11:18:30');
/*!40000 ALTER TABLE `meet_list` ENABLE KEYS */;
UNLOCK TABLES;

--
-- Table structure for table `notice`
--

DROP TABLE IF EXISTS `notice`;
/*!40101 SET @saved_cs_client     = @@character_set_client */;
/*!50503 SET character_set_client = utf8mb4 */;
CREATE TABLE `notice` (
  `id` bigint NOT NULL AUTO_INCREMENT,
  `category` varchar(20) COLLATE utf8mb4_unicode_ci NOT NULL,
  `content_url` varchar(255) COLLATE utf8mb4_unicode_ci NOT NULL,
  `create_date` varchar(8) COLLATE utf8mb4_unicode_ci NOT NULL,
  `create_time` varchar(6) COLLATE utf8mb4_unicode_ci NOT NULL,
  `title` varchar(100) COLLATE utf8mb4_unicode_ci NOT NULL,
  PRIMARY KEY (`id`)
) ENGINE=InnoDB AUTO_INCREMENT=40 DEFAULT CHARSET=utf8mb4 COLLATE=utf8mb4_unicode_ci;
/*!40101 SET character_set_client = @saved_cs_client */;

--
-- Dumping data for table `notice`
--

LOCK TABLES `notice` WRITE;
/*!40000 ALTER TABLE `notice` DISABLE KEYS */;
INSERT INTO `notice` VALUES (1,'운영','https://edu.ssafy.com/data/upload_files/namo/images/000049/20230105084050171_3XDOBL5E.png','20230215','103037','2학기 공통프로젝트 1주차 안내'),(2,'학습','https://edu.ssafy.com/data/upload_files/namo/images/000049/20230112120218169_3U0ALM0U.png','20230216','103240','2학기 공통프로젝트 2주차 안내'),(3,'운영','https://edu.ssafy.com/data/upload_files/namo/images/000049/20230118193407840_JZFV852T.png','20230218','103444','2학기 공통프로젝트 3주차 안내'),(4,'학습','https://edu.ssafy.com/data/upload_files/namo/images/000050/20230127101047618_A4N610TL.png','20230221','103649','2학기 공통프로젝트 4주차 안내'),(5,'운영','https://edu.ssafy.com/data/upload_files/namo/images/000050/20230202114009880_IB8SOFKP.png','20230225','103855','2학기 공통프로젝트 5주차 안내'),(6,'기타','https://edu.ssafy.com/data/upload_files/namo/images/000049/20230105084050171_3XDOBL5E.png','20230215','143217','[기타] SSAFY 갤럭시북3 신모델 체험단 모집'),(30,'운영','https://edu.ssafy.com/data/upload_files/namo/images/000049/20230105084050171_3XDOBL5E.png','20230215','143217','[운영] 마음건강 프로그램 안내'),(31,'기타','https://edu.ssafy.com/data/upload_files/namo/images/000049/20230105084050171_3XDOBL5E.png','20230225','103855','[기타] 2022 싸피레이스 WINTER 시상 안내'),(32,'운영','https://edu.ssafy.com/data/upload_files/namo/images/000049/20230105084050171_3XDOBL5E.png','20230218','103444','[운영] 1월 교육지원금 서명 안내'),(33,'운영','https://edu.ssafy.com/data/upload_files/namo/images/000049/20230105084050171_3XDOBL5E.png','20230225','103444','[운영] 8기 프로젝트 소스코드 반출 가이드'),(34,'학습','https://edu.ssafy.com/data/upload_files/namo/images/000049/20230105084050171_3XDOBL5E.png','20230218','103855','[학습] SW 역량테스트 B형 검정 대비 특강 안내'),(35,'운영','https://edu.ssafy.com/data/upload_files/namo/images/000049/20230105084050171_3XDOBL5E.png','20230216','103444','[운영] 특화프로젝트 부트캠프 안내'),(36,'운영','https://edu.ssafy.com/data/upload_files/namo/images/000049/20230105084050171_3XDOBL5E.png','20230225','103855','[운영] 교육장 내 마스크 착용 안내'),(37,'기타','https://edu.ssafy.com/data/upload_files/namo/images/000049/20230118193407840_JZFV852T.png','20230217','002440','[기타] 삼성전자 연계 프로젝트 참가자 발표 안내'),(38,'운영','https://edu.ssafy.com/data/upload_files/namo/images/000049/20230118193407840_JZFV852T.png','20230217','002538','[운영] 공통프로젝트 산출물 제출 안내'),(39,'test','test','20230217','102939','test');
/*!40000 ALTER TABLE `notice` ENABLE KEYS */;
UNLOCK TABLES;

--
-- Table structure for table `refresh_token`
--

DROP TABLE IF EXISTS `refresh_token`;
/*!40101 SET @saved_cs_client     = @@character_set_client */;
/*!50503 SET character_set_client = utf8mb4 */;
CREATE TABLE `refresh_token` (
  `user_email` varchar(255) COLLATE utf8mb4_unicode_ci NOT NULL,
  `expired_at` datetime(6) DEFAULT NULL,
  `token` varchar(255) COLLATE utf8mb4_unicode_ci DEFAULT NULL,
  PRIMARY KEY (`user_email`)
) ENGINE=InnoDB DEFAULT CHARSET=utf8mb4 COLLATE=utf8mb4_unicode_ci;
/*!40101 SET character_set_client = @saved_cs_client */;

--
-- Dumping data for table `refresh_token`
--

LOCK TABLES `refresh_token` WRITE;
/*!40000 ALTER TABLE `refresh_token` DISABLE KEYS */;
INSERT INTO `refresh_token` VALUES ('admin1@ssafy.com','2023-02-27 10:56:38.954000','eyJhbGciOiJIUzUxMiJ9.eyJ0eXAiOiJSRUZSRVNIIiwiaWF0IjoxNjc2NTk4OTk4LCJleHAiOjE2NzY2ODUzOTh9.JHVIXmqT0Fpz9An_Ub88FkWZK5L5p0T6wKDcUVbuxAOFVPD6FFK-KWc1qfFfkwBW5_DTBMWyuQkEU4kyurnlKQ'),('admin11@ssafy.com','2023-02-27 10:20:10.965000','eyJhbGciOiJIUzUxMiJ9.eyJ0eXAiOiJSRUZSRVNIIiwiaWF0IjoxNjc2NTk2ODEwLCJleHAiOjE2NzY2ODMyMTB9._1CRw1F8r1CVwwCJBERg72qQ5wjrYEIsYGnk70SzXjHxfkh2wdYUE5VYLrxpib1JDyvk1-TbDJP0iao0qFKO5w'),('admin12@ssafy.com','2023-02-26 16:51:25.054000','eyJhbGciOiJIUzUxMiJ9.eyJ0eXAiOiJSRUZSRVNIIiwiaWF0IjoxNjc2NTMzODg1LCJleHAiOjE2NzY2MjAyODV9.TguftO1lQ5V_dNdglGviTPYcEwN2WdZWvxbUL8HHYhII_otQ4ysOaxDM46cacKV7ywncJTAOIR5mrvA4j_QkJQ'),('admin2@ssafy.com','2023-02-27 11:03:16.051000','eyJhbGciOiJIUzUxMiJ9.eyJ0eXAiOiJSRUZSRVNIIiwiaWF0IjoxNjc2NTk5Mzk2LCJleHAiOjE2NzY2ODU3OTZ9.zVnjwd0spEBq88xDY71XwPfr2RnwALt3cwafc_bdU9VbIzTSg9NOpufyLKkfjv-mrS4tv0yn31vvmckcIEFjeA'),('admin3@ssafy.com','2023-02-27 11:42:56.162000','eyJhbGciOiJIUzUxMiJ9.eyJ0eXAiOiJSRUZSRVNIIiwiaWF0IjoxNjc2NjAxNzc2LCJleHAiOjE2NzY2ODgxNzZ9.zZsyZRh3SEnpa2xbM430EpoNH1TMAeX8RYljYgJvNO5P7yJe_rx4ZsOb_zkVFzP33mle77HuS54l5ObtSeLPZQ'),('ktyoo226@naver.com','2023-02-27 09:35:26.023000','eyJhbGciOiJIUzUxMiJ9.eyJ0eXAiOiJSRUZSRVNIIiwiaWF0IjoxNjc2NTk0MTI2LCJleHAiOjE2NzY2ODA1MjZ9.LzsLP5IBdEqYm2wSH2JklS2UWxDsPEDBH_WkJ9jjOaCOEhSnPawgLUrT9yuwnvWVj2cesw5x7GUziTZIEG9bYg'),('ssafy@ssafy.com','2023-02-26 21:45:32.051000','eyJhbGciOiJIUzUxMiJ9.eyJ0eXAiOiJSRUZSRVNIIiwiaWF0IjoxNjc2NTUxNTMyLCJleHAiOjE2NzY2Mzc5MzJ9.-DTyzl9G-RJ3lLj8WysOIXtb4dFxdEipJFWZq0ACYd6GoQfQXn2x177MhICHKZchI9VdLQUAXUHwsu1CHIOkhw'),('user21@ssafy.com','2023-02-27 10:52:36.480000','eyJhbGciOiJIUzUxMiJ9.eyJ0eXAiOiJSRUZSRVNIIiwiaWF0IjoxNjc2NTk4NzU2LCJleHAiOjE2NzY2ODUxNTZ9.xPTwnKBWeEdh6b_OApU6b57YSVkJ5bxD57GpspxkTcyyrlLhavu5NMJpGgkih2R-1HTa9Ec3fi498vGwGZlDRA'),('user22@ssafy.com','2023-02-27 11:15:36.936000','eyJhbGciOiJIUzUxMiJ9.eyJ0eXAiOiJSRUZSRVNIIiwiaWF0IjoxNjc2NjAwMTM2LCJleHAiOjE2NzY2ODY1MzZ9.6yvInGiZrQzEss1MYUfA60wjvPcG1_19LNhFYd-n3oybqj55MKPpQDtUk65EUVpYWTB0CreRdb4h7sPri2P2Kw'),('user23@ssafy.com','2023-02-27 10:48:41.013000','eyJhbGciOiJIUzUxMiJ9.eyJ0eXAiOiJSRUZSRVNIIiwiaWF0IjoxNjc2NTk4NTIxLCJleHAiOjE2NzY2ODQ5MjF9.yjOOv7Oj17HHes2G3RuJ4qc0qFrqOPb3tBadDZBJ1RD-K4F-Zszw4kgIlFeMku_7jkyDEypKcM5d3cQjkcg-aA'),('user24@ssafy.com','2023-02-27 11:02:27.651000','eyJhbGciOiJIUzUxMiJ9.eyJ0eXAiOiJSRUZSRVNIIiwiaWF0IjoxNjc2NTk5MzQ3LCJleHAiOjE2NzY2ODU3NDd9._BEmTnW8Vw2pgoXYK-ABKu57K48UriW8Em5rtSrrf0QH7tkC5k502edj4XXaf7iJLdV0wpHASKPK6CTYtmJjHw'),('user25@ssafy.com','2023-02-27 10:52:08.299000','eyJhbGciOiJIUzUxMiJ9.eyJ0eXAiOiJSRUZSRVNIIiwiaWF0IjoxNjc2NTk4NzI4LCJleHAiOjE2NzY2ODUxMjh9.ewCSw3J_SZmxd42CuM-U8Xe-NbX7-eOjwF09z-4AEy-uDEaBsD9VXCD5AUL8H6Gqilb5Kx773w9duG5kDAYTYg');
/*!40000 ALTER TABLE `refresh_token` ENABLE KEYS */;
UNLOCK TABLES;

--
-- Table structure for table `schedule`
--

DROP TABLE IF EXISTS `schedule`;
/*!40101 SET @saved_cs_client     = @@character_set_client */;
/*!50503 SET character_set_client = utf8mb4 */;
CREATE TABLE `schedule` (
  `id` bigint NOT NULL AUTO_INCREMENT,
  `date` int DEFAULT NULL,
  `end_time` int DEFAULT NULL,
  `on_off` int DEFAULT NULL,
  `start_time` int DEFAULT NULL,
  `sub_title` varchar(255) COLLATE utf8mb4_unicode_ci DEFAULT NULL,
  `title` varchar(255) COLLATE utf8mb4_unicode_ci DEFAULT NULL,
  `track_code` int DEFAULT NULL,
  `category_id` bigint DEFAULT NULL,
  PRIMARY KEY (`id`),
  KEY `FKds2fqd3x36l0edhcs53m6bt6x` (`category_id`),
  CONSTRAINT `FKds2fqd3x36l0edhcs53m6bt6x` FOREIGN KEY (`category_id`) REFERENCES `schedule_category` (`id`)
) ENGINE=InnoDB AUTO_INCREMENT=193 DEFAULT CHARSET=utf8mb4 COLLATE=utf8mb4_unicode_ci;
/*!40101 SET character_set_client = @saved_cs_client */;

--
-- Dumping data for table `schedule`
--

LOCK TABLES `schedule` WRITE;
/*!40000 ALTER TABLE `schedule` DISABLE KEYS */;
INSERT INTO `schedule` VALUES (3,20230213,12,0,9,'공통 프로젝트','팀별 PJT 진행',0,2),(4,20230213,16,1,13,'공통 프로젝트','[LIVE] Back-End',0,1),(5,20230213,18,1,16,'공통 프로젝트',' [LIVE] Front-End',0,1),(6,20230213,12,1,9,'공통 프로젝트','팀별 PJT 진행',1,1),(7,20230213,15,0,13,'공통 프로젝트','[LIVE] Back-End',1,2),(8,20230213,18,1,15,'공통 프로젝트',' [LIVE] Front-End',1,4),(9,20230213,12,1,9,'공통 프로젝트','[LIVE] Back-End',2,2),(10,20230213,17,0,13,'공통 프로젝트',' [LIVE] Front-End',2,2),(11,20230213,18,0,17,'공통 프로젝트','[LIVE] Back-End',2,1),(12,20230213,10,1,9,'공통 프로젝트','취업 특강',3,4),(13,20230213,12,1,10,'공통 프로젝트','[LIVE] Back-End',3,3),(14,20230213,14,1,13,'공통 프로젝트','팀별 PJT 진행',3,3),(15,20230213,18,0,14,'공통 프로젝트','팀별 PJT 진행',3,1),(16,20230213,12,0,9,'공통 프로젝트','팀별 PJT 진행',4,1),(17,20230213,15,1,13,'공통 프로젝트',' [LIVE] Front-End',4,4),(18,20230213,17,0,15,'공통 프로젝트','팀별 PJT 진행',4,2),(19,20230213,18,1,17,'공통 프로젝트','취업 특강',4,2),(20,20230214,12,1,9,'공통 프로젝트',' [LIVE] Front-End',0,2),(21,20230214,16,1,13,'공통 프로젝트',' [LIVE] Front-End',0,4),(22,20230214,18,1,16,'공통 프로젝트','취업 특강',0,3),(23,20230214,10,1,9,'공통 프로젝트','팀별 PJT 진행',1,2),(24,20230214,11,1,10,'공통 프로젝트','팀별 PJT 진행',1,1),(25,20230214,12,1,11,'공통 프로젝트',' [LIVE] Front-End',1,4),(26,20230214,17,0,13,'공통 프로젝트','[LIVE] Back-End',1,2),(27,20230214,18,1,17,'공통 프로젝트','취업 특강',1,4),(28,20230214,11,0,9,'공통 프로젝트','취업 특강',2,4),(29,20230214,12,1,11,'공통 프로젝트','팀별 PJT 진행',2,1),(30,20230214,17,0,13,'공통 프로젝트','[LIVE] Back-End',2,2),(31,20230214,18,1,17,'공통 프로젝트',' [LIVE] Front-End',2,2),(32,20230214,11,0,9,'공통 프로젝트',' [LIVE] Front-End',3,1),(33,20230214,12,0,11,'공통 프로젝트',' [LIVE] Front-End',3,3),(34,20230214,16,0,13,'공통 프로젝트',' [LIVE] Front-End',3,4),(35,20230214,17,1,16,'공통 프로젝트','팀별 PJT 진행',3,2),(36,20230214,18,1,17,'공통 프로젝트','팀별 PJT 진행',3,4),(37,20230214,12,0,9,'공통 프로젝트','[LIVE] Back-End',4,3),(38,20230214,17,0,13,'공통 프로젝트','취업 특강',4,1),(39,20230214,18,1,17,'공통 프로젝트','팀별 PJT 진행',4,1),(40,20230215,11,0,9,'공통 프로젝트','취업 특강',0,3),(41,20230215,12,1,11,'공통 프로젝트','팀별 PJT 진행',0,4),(42,20230215,17,0,13,'공통 프로젝트','[LIVE] Back-End',0,1),(43,20230215,18,1,17,'공통 프로젝트','팀별 PJT 진행',0,4),(44,20230215,11,1,9,'공통 프로젝트',' [LIVE] Front-End',1,1),(45,20230215,12,0,11,'공통 프로젝트',' [LIVE] Front-End',1,2),(46,20230215,16,0,13,'공통 프로젝트','팀별 PJT 진행',1,4),(47,20230215,18,1,16,'공통 프로젝트','[LIVE] Back-End',1,4),(48,20230215,11,1,9,'공통 프로젝트','[LIVE] Back-End',2,3),(49,20230215,12,0,11,'공통 프로젝트','[LIVE] Back-End',2,3),(50,20230215,15,1,13,'공통 프로젝트','취업 특강',2,1),(51,20230215,17,0,15,'공통 프로젝트','취업 특강',2,2),(52,20230215,18,0,17,'공통 프로젝트','[LIVE] Back-End',2,2),(53,20230215,12,1,9,'공통 프로젝트',' [LIVE] Front-End',3,3),(54,20230215,16,1,13,'공통 프로젝트','팀별 PJT 진행',3,1),(55,20230215,18,1,16,'공통 프로젝트','[LIVE] Back-End',3,4),(56,20230215,11,0,9,'공통 프로젝트',' [LIVE] Front-End',4,2),(57,20230215,12,0,11,'공통 프로젝트','팀별 PJT 진행',4,1),(58,20230215,14,1,13,'공통 프로젝트','취업 특강',4,4),(59,20230215,17,1,14,'공통 프로젝트',' [LIVE] Front-End',4,4),(60,20230215,18,1,17,'공통 프로젝트','팀별 PJT 진행',4,2),(61,20230216,12,1,9,'공통 프로젝트','취업 특강',0,2),(62,20230216,17,1,13,'공통 프로젝트','팀별 PJT 진행',0,1),(63,20230216,18,0,17,'공통 프로젝트','[LIVE] Back-End',0,2),(64,20230216,12,0,9,'공통 프로젝트','취업 특강',1,4),(65,20230216,17,0,13,'공통 프로젝트',' [LIVE] Front-End',1,1),(66,20230216,18,1,17,'공통 프로젝트','팀별 PJT 진행',1,1),(67,20230216,11,1,9,'공통 프로젝트','[LIVE] Back-End',2,4),(68,20230216,12,1,11,'공통 프로젝트','[LIVE] Back-End',2,3),(69,20230216,15,0,13,'공통 프로젝트','취업 특강',2,2),(70,20230216,16,0,15,'공통 프로젝트','[LIVE] Back-End',2,1),(71,20230216,17,1,16,'공통 프로젝트',' [LIVE] Front-End',2,2),(72,20230216,18,0,17,'공통 프로젝트',' [LIVE] Front-End',2,4),(73,20230216,10,1,9,'공통 프로젝트','[LIVE] Back-End',3,4),(74,20230216,12,1,10,'공통 프로젝트','취업 특강',3,4),(75,20230216,17,1,13,'공통 프로젝트','취업 특강',3,2),(76,20230216,18,0,17,'공통 프로젝트',' [LIVE] Front-End',3,1),(77,20230216,12,1,9,'공통 프로젝트','취업 특강',4,1),(78,20230216,17,1,13,'공통 프로젝트','팀별 PJT 진행',4,2),(79,20230216,18,0,17,'공통 프로젝트',' [LIVE] Front-End',4,1),(80,20230217,12,0,9,'공통 프로젝트',' [LIVE] Front-End',0,3),(81,20230217,14,0,13,'공통 프로젝트','팀별 PJT 진행',0,1),(82,20230217,16,1,14,'공통 프로젝트','팀별 PJT 진행',0,2),(83,20230217,18,0,16,'공통 프로젝트','취업 특강',0,2),(84,20230217,12,1,9,'공통 프로젝트','팀별 PJT 진행',1,1),(85,20230217,14,0,13,'공통 프로젝트','[LIVE] Back-End',1,4),(86,20230217,15,0,14,'공통 프로젝트','팀별 PJT 진행',1,4),(87,20230217,17,0,15,'공통 프로젝트','취업 특강',1,4),(88,20230217,18,1,17,'공통 프로젝트','팀별 PJT 진행',1,2),(89,20230217,12,0,9,'공통 프로젝트','취업 특강',2,1),(90,20230217,17,0,13,'공통 프로젝트',' [LIVE] Front-End',2,2),(91,20230217,18,0,17,'공통 프로젝트','팀별 PJT 진행',2,1),(92,20230217,11,0,9,'공통 프로젝트','팀별 PJT 진행',3,3),(93,20230217,12,0,11,'공통 프로젝트','[LIVE] Back-End',3,4),(94,20230217,16,1,13,'공통 프로젝트','팀별 PJT 진행',3,1),(95,20230217,18,1,16,'공통 프로젝트','[LIVE] Back-End',3,1),(96,20230217,11,0,9,'공통 프로젝트','팀별 PJT 진행',4,2),(97,20230217,12,0,11,'공통 프로젝트','팀별 PJT 진행',4,2),(98,20230217,14,1,13,'공통 프로젝트',' [LIVE] Front-End',4,1),(99,20230217,17,1,14,'공통 프로젝트',' [LIVE] Front-End',4,4),(100,20230217,18,0,17,'공통 프로젝트',' [LIVE] Front-End',4,3),(101,20230220,12,0,9,'공통 프로젝트','취업 특강',0,2),(102,20230220,14,1,13,'공통 프로젝트','[LIVE] Back-End',0,1),(103,20230220,18,1,14,'공통 프로젝트','취업 특강',0,2),(104,20230220,12,0,9,'공통 프로젝트','[LIVE] Back-End',1,3),(105,20230220,16,0,13,'공통 프로젝트',' [LIVE] Front-End',1,4),(106,20230220,18,1,16,'공통 프로젝트','취업 특강',1,1),(107,20230220,12,0,9,'공통 프로젝트','[LIVE] Back-End',2,4),(108,20230220,16,0,13,'공통 프로젝트','팀별 PJT 진행',2,1),(109,20230220,18,1,16,'공통 프로젝트','[LIVE] Back-End',2,4),(110,20230220,12,1,9,'공통 프로젝트','[LIVE] Back-End',3,3),(111,20230220,14,0,13,'공통 프로젝트','팀별 PJT 진행',3,3),(112,20230220,15,1,14,'공통 프로젝트','[LIVE] Back-End',3,4),(113,20230220,18,1,15,'공통 프로젝트','[LIVE] Back-End',3,2),(114,20230220,12,1,9,'공통 프로젝트','팀별 PJT 진행',4,1),(115,20230220,16,0,13,'공통 프로젝트','팀별 PJT 진행',4,4),(116,20230220,18,1,16,'공통 프로젝트','취업 특강',4,3),(117,20230221,11,0,9,'공통 프로젝트','[LIVE] Back-End',0,1),(118,20230221,12,0,11,'공통 프로젝트','[LIVE] Back-End',0,4),(119,20230221,15,1,13,'공통 프로젝트',' [LIVE] Front-End',0,4),(120,20230221,18,0,15,'공통 프로젝트','팀별 PJT 진행',0,1),(121,20230221,12,1,9,'공통 프로젝트','[LIVE] Back-End',1,2),(122,20230221,16,1,13,'공통 프로젝트','팀별 PJT 진행',1,1),(123,20230221,18,0,16,'공통 프로젝트','팀별 PJT 진행',1,4),(124,20230221,12,1,9,'공통 프로젝트','[LIVE] Back-End',2,4),(125,20230221,15,1,13,'공통 프로젝트','[LIVE] Back-End',2,1),(126,20230221,18,1,15,'공통 프로젝트','[LIVE] Back-End',2,1),(127,20230221,12,1,9,'공통 프로젝트','[LIVE] Back-End',3,2),(128,20230221,16,0,13,'공통 프로젝트','팀별 PJT 진행',3,2),(129,20230221,18,0,16,'공통 프로젝트',' [LIVE] Front-End',3,4),(130,20230221,10,0,9,'공통 프로젝트',' [LIVE] Front-End',4,3),(131,20230221,12,0,10,'공통 프로젝트',' [LIVE] Front-End',4,2),(132,20230221,14,0,13,'공통 프로젝트','[LIVE] Back-End',4,4),(133,20230221,17,1,14,'공통 프로젝트','[LIVE] Back-End',4,4),(134,20230221,18,0,17,'공통 프로젝트','팀별 PJT 진행',4,2),(135,20230222,11,1,9,'공통 프로젝트','취업 특강',0,1),(136,20230222,12,1,11,'공통 프로젝트','[LIVE] Back-End',0,1),(137,20230222,16,1,13,'공통 프로젝트',' [LIVE] Front-End',0,4),(138,20230222,18,0,16,'공통 프로젝트',' [LIVE] Front-End',0,4),(139,20230222,12,0,9,'공통 프로젝트',' [LIVE] Front-End',1,1),(140,20230222,16,0,13,'공통 프로젝트','팀별 PJT 진행',1,3),(141,20230222,17,0,16,'공통 프로젝트',' [LIVE] Front-End',1,4),(142,20230222,18,0,17,'공통 프로젝트','[LIVE] Back-End',1,1),(143,20230222,11,1,9,'공통 프로젝트','팀별 PJT 진행',2,2),(144,20230222,12,1,11,'공통 프로젝트','취업 특강',2,3),(145,20230222,14,0,13,'공통 프로젝트',' [LIVE] Front-End',2,3),(146,20230222,15,1,14,'공통 프로젝트','팀별 PJT 진행',2,1),(147,20230222,17,1,15,'공통 프로젝트','[LIVE] Back-End',2,1),(148,20230222,18,0,17,'공통 프로젝트','[LIVE] Back-End',2,3),(149,20230222,12,0,9,'공통 프로젝트',' [LIVE] Front-End',3,4),(150,20230222,14,0,13,'공통 프로젝트','취업 특강',3,2),(151,20230222,16,0,14,'공통 프로젝트',' [LIVE] Front-End',3,1),(152,20230222,18,1,16,'공통 프로젝트','[LIVE] Back-End',3,3),(153,20230222,12,0,9,'공통 프로젝트','팀별 PJT 진행',4,3),(154,20230222,17,0,13,'공통 프로젝트','[LIVE] Back-End',4,2),(155,20230222,18,0,17,'공통 프로젝트','취업 특강',4,4),(156,20230223,10,0,9,'공통 프로젝트','팀별 PJT 진행',0,2),(157,20230223,12,1,10,'공통 프로젝트','팀별 PJT 진행',0,4),(158,20230223,17,1,13,'공통 프로젝트','취업 특강',0,4),(159,20230223,18,1,17,'공통 프로젝트','취업 특강',0,2),(160,20230223,10,1,9,'공통 프로젝트','[LIVE] Back-End',1,3),(161,20230223,12,1,10,'공통 프로젝트','[LIVE] Back-End',1,2),(162,20230223,14,1,13,'공통 프로젝트',' [LIVE] Front-End',1,4),(163,20230223,18,1,14,'공통 프로젝트','팀별 PJT 진행',1,4),(164,20230223,10,0,9,'공통 프로젝트','취업 특강',2,2),(165,20230223,12,1,10,'공통 프로젝트','취업 특강',2,2),(166,20230223,16,1,13,'공통 프로젝트',' [LIVE] Front-End',2,3),(167,20230223,18,0,16,'공통 프로젝트','[LIVE] Back-End',2,4),(168,20230223,11,1,9,'공통 프로젝트','취업 특강',3,4),(169,20230223,12,1,11,'공통 프로젝트','취업 특강',3,3),(170,20230223,14,0,13,'공통 프로젝트','[LIVE] Back-End',3,3),(171,20230223,18,1,14,'공통 프로젝트',' [LIVE] Front-End',3,4),(172,20230223,12,1,9,'공통 프로젝트',' [LIVE] Front-End',4,1),(173,20230223,16,0,13,'공통 프로젝트','팀별 PJT 진행',4,1),(174,20230223,18,1,16,'공통 프로젝트','팀별 PJT 진행',4,4),(175,20230224,10,0,9,'공통 프로젝트','[LIVE] Back-End',0,3),(176,20230224,11,0,10,'공통 프로젝트','[LIVE] Back-End',0,3),(177,20230224,12,0,11,'공통 프로젝트','[LIVE] Back-End',0,2),(178,20230224,16,1,13,'공통 프로젝트','[LIVE] Back-End',0,2),(179,20230224,18,0,16,'공통 프로젝트','[LIVE] Back-End',0,3),(180,20230224,11,1,9,'공통 프로젝트','팀별 PJT 진행',1,4),(181,20230224,12,0,11,'공통 프로젝트','취업 특강',1,3),(182,20230224,14,1,13,'공통 프로젝트','취업 특강',1,3),(183,20230224,18,0,14,'공통 프로젝트','팀별 PJT 진행',1,2),(184,20230224,12,1,9,'공통 프로젝트','취업 특강',2,3),(185,20230224,17,0,13,'공통 프로젝트','취업 특강',2,1),(186,20230224,18,0,17,'공통 프로젝트',' [LIVE] Front-End',2,2),(187,20230224,12,0,9,'공통 프로젝트',' [LIVE] Front-End',3,3),(188,20230224,16,1,13,'공통 프로젝트','팀별 PJT 진행',3,4),(189,20230224,18,0,16,'공통 프로젝트','[LIVE] Back-End',3,2),(190,20230224,12,0,9,'공통 프로젝트','[LIVE] Back-End',4,4),(191,20230224,17,1,13,'공통 프로젝트','팀별 PJT 진행',4,4),(192,20230224,18,1,17,'공통 프로젝트','[LIVE] Back-End',4,3);
/*!40000 ALTER TABLE `schedule` ENABLE KEYS */;
UNLOCK TABLES;

--
-- Table structure for table `schedule_category`
--

DROP TABLE IF EXISTS `schedule_category`;
/*!40101 SET @saved_cs_client     = @@character_set_client */;
/*!50503 SET character_set_client = utf8mb4 */;
CREATE TABLE `schedule_category` (
  `id` bigint NOT NULL AUTO_INCREMENT,
  `category` varchar(255) COLLATE utf8mb4_unicode_ci DEFAULT NULL,
  PRIMARY KEY (`id`)
) ENGINE=InnoDB AUTO_INCREMENT=5 DEFAULT CHARSET=utf8mb4 COLLATE=utf8mb4_unicode_ci;
/*!40101 SET character_set_client = @saved_cs_client */;

--
-- Dumping data for table `schedule_category`
--

LOCK TABLES `schedule_category` WRITE;
/*!40000 ALTER TABLE `schedule_category` DISABLE KEYS */;
INSERT INTO `schedule_category` VALUES (1,'알고리즘'),(2,'코딩과정'),(3,'프로젝트'),(4,'기타');
/*!40000 ALTER TABLE `schedule_category` ENABLE KEYS */;
UNLOCK TABLES;

--
-- Table structure for table `survey`
--

DROP TABLE IF EXISTS `survey`;
/*!40101 SET @saved_cs_client     = @@character_set_client */;
/*!50503 SET character_set_client = utf8mb4 */;
CREATE TABLE `survey` (
  `survey_idx` bigint NOT NULL AUTO_INCREMENT,
  `created_at` datetime(6) DEFAULT NULL,
  `category` int DEFAULT NULL,
  `ended_at` datetime(6) DEFAULT NULL,
  `status` int DEFAULT NULL,
  `survey_title` varchar(255) COLLATE utf8mb4_unicode_ci DEFAULT NULL,
  `made_at` datetime(6) DEFAULT NULL,
  PRIMARY KEY (`survey_idx`)
) ENGINE=InnoDB AUTO_INCREMENT=48 DEFAULT CHARSET=utf8mb4 COLLATE=utf8mb4_unicode_ci;
/*!40101 SET character_set_client = @saved_cs_client */;

--
-- Dumping data for table `survey`
--

LOCK TABLES `survey` WRITE;
/*!40000 ALTER TABLE `survey` DISABLE KEYS */;
INSERT INTO `survey` VALUES (1,'2023-02-11 20:34:09.458418',1,'2023-02-27 18:00:00.000000',1,'8기 공통PJT 발표회 만족도 설문_서울 캠퍼스','2023-02-07 17:00:00.000000'),(2,'2023-02-13 16:34:09.458418',0,'2023-02-28 18:00:00.000000',1,'(230220)SSAFY 8기 사연함(특화 부트캠프)','2023-02-05 17:00:00.000000'),(3,'2023-02-12 16:34:09.458418',0,'2023-03-03 18:00:00.000000',1,'230216(목)_오전 건강현황 조사_8기','2023-02-06 15:00:00.000000'),(4,'2023-02-13 17:34:09.458418',0,'2023-03-03 18:00:00.000000',1,'(230217) 8기 공통 프로젝트 6주차 만족도 설문\n','2023-02-05 15:00:00.000000'),(5,'2023-02-13 20:34:09.458418',0,'2023-02-28 18:00:00.000000',1,'(230213)SSAFY 8기 사연함(공통 6주차)\n','2023-02-07 14:00:00.000000'),(6,'2023-02-10 18:34:09.458418',1,'2023-02-28 18:00:00.000000',1,'[8기] 특화PJT 팀구성 설문','2023-02-05 16:00:00.000000'),(7,'2023-02-13 19:34:09.458418',0,'2023-03-03 18:00:00.000000',1,'★필수★2월 취업특강 사전설문\n','2023-02-05 16:00:00.000000'),(8,'2023-02-11 17:34:09.458418',0,'2023-02-28 18:00:00.000000',1,'(230210) 8기 공통 프로젝트 5주차 만족도 설문\n','2023-02-08 15:00:00.000000'),(9,'2023-02-11 21:34:09.458418',2,'2023-02-16 18:00:00.000000',2,'[8기] 1월 취업특강 입실설문','2023-02-06 15:00:00.000000'),(10,'2023-02-12 19:34:09.458418',2,'2023-02-26 18:00:00.000000',1,'8기 SW 역량테스트 B형 대비 특강 신청\n','2023-02-05 14:00:00.000000'),(11,'2023-02-11 16:34:09.458418',2,'2023-02-16 18:00:00.000000',2,'(230125)SSAFY 8기 사연함(공통3주차)\n','2023-02-06 17:00:00.000000'),(12,'2023-02-14 21:34:09.458418',1,'2023-02-28 18:00:00.000000',0,'(230127) 8기 공통 프로젝트 3주차 만족도 설문\n','2023-02-07 14:00:00.000000'),(13,'2023-02-10 20:34:09.458418',0,'2023-03-03 18:00:00.000000',1,'230130(월)_오전 건강현황 조사_8기\n','2023-02-08 17:00:00.000000'),(14,'2023-02-12 17:34:09.458418',2,'2023-03-01 18:00:00.000000',1,'특화프로젝트 수요설문','2023-02-04 16:00:00.000000'),(15,'2023-02-10 21:34:09.458418',0,'2023-02-25 18:00:00.000000',1,'8기 코로나19 확진여부 설문','2023-02-07 14:00:00.000000'),(16,'2023-02-10 18:34:09.458418',0,'2023-03-01 18:00:00.000000',1,'[8기] SSAFY 교육생 취업고민 사전설문\n','2023-02-05 14:00:00.000000'),(17,'2023-02-14 21:34:09.458418',2,'2023-02-27 18:00:00.000000',0,'(230116)SSAFY 8기 사연함(공통 2주차)\n','2023-02-06 18:00:00.000000'),(18,'2023-02-11 18:34:09.458418',1,'2023-03-03 18:00:00.000000',1,'[8기] 2학기 3차 정기면담 설문\n','2023-02-05 18:00:00.000000'),(19,'2023-02-13 21:34:09.458418',1,'2023-02-24 18:00:00.000000',1,'(230111) 8기 인텔리제이 신청자 대상 설문조사\n','2023-02-04 16:00:00.000000'),(20,'2023-02-10 19:34:09.458418',1,'2023-02-16 18:00:00.000000',2,'8기 싸피레이스 만족도 설문\n','2023-02-04 14:00:00.000000'),(21,'2023-02-20 09:30:00.000000',0,'2023-02-22 10:00:00.000000',0,'8기 프로젝트 현황 조사','2023-02-16 23:56:04.876475'),(22,'2023-02-18 09:30:00.000000',0,'2023-02-22 10:00:00.000000',0,'8기 공통PJT UCC담당자 설문조사','2023-02-17 00:22:13.178310'),(45,'2023-02-17 00:50:00.000000',1,'2023-02-19 23:30:00.000000',0,'프로젝트 주간 설문',NULL),(46,'2023-02-17 00:40:00.000000',1,'2023-02-19 23:30:00.000000',0,'특화 PJT 팀구성 설문',NULL),(47,'2023-02-17 17:30:00.000000',0,'2023-02-20 14:00:00.000000',0,'(230217) 8기 공통 프로젝트 6주차 만족도 설문','2023-02-17 11:16:08.912234');
/*!40000 ALTER TABLE `survey` ENABLE KEYS */;
UNLOCK TABLES;

--
-- Table structure for table `survey_conduct`
--

DROP TABLE IF EXISTS `survey_conduct`;
/*!40101 SET @saved_cs_client     = @@character_set_client */;
/*!50503 SET character_set_client = utf8mb4 */;
CREATE TABLE `survey_conduct` (
  `survey_idx` bigint NOT NULL,
  `user_idx` bigint NOT NULL,
  PRIMARY KEY (`survey_idx`,`user_idx`),
  KEY `FKgfqqwdkabun9hhg7oikaftx25` (`user_idx`),
  CONSTRAINT `FKgfqqwdkabun9hhg7oikaftx25` FOREIGN KEY (`user_idx`) REFERENCES `user` (`user_idx`),
  CONSTRAINT `FKhdencvreedwwqxew804wtkrwo` FOREIGN KEY (`survey_idx`) REFERENCES `survey` (`survey_idx`)
) ENGINE=InnoDB DEFAULT CHARSET=utf8mb4 COLLATE=utf8mb4_unicode_ci;
/*!40101 SET character_set_client = @saved_cs_client */;

--
-- Dumping data for table `survey_conduct`
--

LOCK TABLES `survey_conduct` WRITE;
/*!40000 ALTER TABLE `survey_conduct` DISABLE KEYS */;
INSERT INTO `survey_conduct` VALUES (1,1),(2,1),(3,1),(4,1),(5,1),(6,1),(7,1),(8,1),(9,1),(10,1),(1,2),(2,2),(3,2),(4,2),(5,2),(6,2),(7,2),(8,2),(9,2),(10,2),(1,3),(2,3),(3,3),(4,3),(5,3),(6,3),(7,3),(8,3),(9,3),(10,3),(1,4),(2,4),(3,4),(4,4),(5,4),(6,4),(7,4),(8,4),(9,4),(10,4),(1,5),(2,5),(3,5),(4,5),(5,5),(6,5),(7,5),(8,5),(9,5),(10,5),(1,6),(2,6),(3,6),(4,6),(5,6),(6,6),(7,6),(8,6),(9,6),(10,6),(1,7),(2,7),(3,7),(4,7),(5,7),(6,7),(7,7),(8,7),(9,7),(10,7),(1,8),(2,8),(3,8),(4,8),(5,8),(6,8),(7,8),(8,8),(9,8),(10,8),(1,9),(2,9),(3,9),(4,9),(5,9),(6,9),(7,9),(8,9),(9,9),(10,9),(1,10),(2,10),(3,10),(4,10),(5,10),(6,10),(7,10),(8,10),(9,10),(10,10),(1,21),(5,21),(6,21),(8,21),(13,21),(5,22),(1,24),(5,24),(6,24),(1,846285);
/*!40000 ALTER TABLE `survey_conduct` ENABLE KEYS */;
UNLOCK TABLES;

--
-- Table structure for table `survey_option`
--

DROP TABLE IF EXISTS `survey_option`;
/*!40101 SET @saved_cs_client     = @@character_set_client */;
/*!50503 SET character_set_client = utf8mb4 */;
CREATE TABLE `survey_option` (
  `option_idx` bigint NOT NULL AUTO_INCREMENT,
  `option_content` varchar(255) COLLATE utf8mb4_unicode_ci DEFAULT NULL,
  `option_intensity` int DEFAULT NULL,
  PRIMARY KEY (`option_idx`)
) ENGINE=InnoDB AUTO_INCREMENT=9 DEFAULT CHARSET=utf8mb4 COLLATE=utf8mb4_unicode_ci;
/*!40101 SET character_set_client = @saved_cs_client */;

--
-- Dumping data for table `survey_option`
--

LOCK TABLES `survey_option` WRITE;
/*!40000 ALTER TABLE `survey_option` DISABLE KEYS */;
INSERT INTO `survey_option` VALUES (1,'만족',1),(2,'불만족',2),(3,'주관식',1),(4,'매우 만족',1),(5,'만족',2),(6,'보통',3),(7,'불만족',4),(8,'매우 불만족',5);
/*!40000 ALTER TABLE `survey_option` ENABLE KEYS */;
UNLOCK TABLES;

--
-- Table structure for table `survey_question`
--

DROP TABLE IF EXISTS `survey_question`;
/*!40101 SET @saved_cs_client     = @@character_set_client */;
/*!50503 SET character_set_client = utf8mb4 */;
CREATE TABLE `survey_question` (
  `question_idx` bigint NOT NULL AUTO_INCREMENT,
  `option_list` varchar(255) COLLATE utf8mb4_unicode_ci DEFAULT NULL,
  `question_content` varchar(255) COLLATE utf8mb4_unicode_ci DEFAULT NULL,
  `survey_idx` bigint DEFAULT NULL,
  PRIMARY KEY (`question_idx`),
  KEY `FK22sqkdwyl57g79hl0f1arl9ht` (`survey_idx`),
  CONSTRAINT `FK22sqkdwyl57g79hl0f1arl9ht` FOREIGN KEY (`survey_idx`) REFERENCES `survey` (`survey_idx`)
) ENGINE=InnoDB AUTO_INCREMENT=901 DEFAULT CHARSET=utf8mb4 COLLATE=utf8mb4_unicode_ci;
/*!40101 SET character_set_client = @saved_cs_client */;

--
-- Dumping data for table `survey_question`
--

LOCK TABLES `survey_question` WRITE;
/*!40000 ALTER TABLE `survey_question` DISABLE KEYS */;
INSERT INTO `survey_question` VALUES (1,'{4,5,6,7,8}','현 주제에 대해 만족하십니까?',1),(2,'{4,5,6,7,8}','현 프로젝트에 대해 얼마나 만족하십니까?',1),(3,'{3}','이유는 무엇입니까?',1),(4,'{1,2}','현 주제에 대해 얼마나 만족하십니까?',2),(5,'{1,2}','오전 라이브에 대해 만족하십니까?',2),(6,'{3}','이유는 무엇입니까?',2),(7,'{4,5,6,7,8}','현 팀원들에 대해 얼마나 만족하십니까?',3),(8,'{4,5,6,7,8}','현 팀원들에 대해 만족하십니까?',3),(9,'{3}','이유는 무엇입니까?',3),(10,'{4,5,6,7,8}','현 팀원들에 대해 만족하십니까?',4),(11,'{4,5,6,7,8}','현 팀원들에 대해 만족하십니까?',4),(12,'{3}','이유는 무엇입니까?',4),(13,'{1,2}','현 팀원들에 대해 얼마나 만족하십니까?',5),(14,'{1,2}','오전 라이브에 대해 얼마나 만족하십니까?',5),(15,'{3}','이유는 무엇입니까?',5),(16,'{4,5,6,7,8}','현 팀원들에 대해 얼마나 만족하십니까?',6),(17,'{4,5,6,7,8}','오전 라이브에 대해 얼마나 만족하십니까?',6),(18,'{3}','이유는 무엇입니까?',6),(19,'{1,2}','오전 라이브에 대해 얼마나 만족하십니까?',7),(20,'{4,5,6,7,8}','현 팀원들에 대해 얼마나 만족하십니까?',7),(21,'{3}','이유는 무엇입니까?',7),(22,'{4,5,6,7,8}','현 팀원들에 대해 얼마나 만족하십니까?',8),(23,'{1,2}','현 주제에 대해 얼마나 만족하십니까?',8),(24,'{3}','이유는 무엇입니까?',8),(25,'{1,2}','오전 라이브에 대해 만족하십니까?',9),(26,'{4,5,6,7,8}','현 프로젝트에 대해 얼마나 만족하십니까?',9),(27,'{3}','이유는 무엇입니까?',9),(28,'{1,2}','현 프로젝트에 대해 얼마나 만족하십니까?',10),(29,'{4,5,6,7,8}','현 프로젝트에 대해 만족하십니까?',10),(30,'{3}','이유는 무엇입니까?',10),(31,'{1,2}','오전 라이브에 대해 만족하십니까?',11),(32,'{4,5,6,7,8}','오전 라이브에 대해 얼마나 만족하십니까?',11),(33,'{3}','이유는 무엇입니까?',11),(34,'{4,5,6,7,8}','현 주제에 대해 만족하십니까?',12),(35,'{1,2}','오전 라이브에 대해 만족하십니까?',12),(36,'{3}','이유는 무엇입니까?',12),(37,'{1,2}','현 프로젝트에 대해 얼마나 만족하십니까?',13),(38,'{4,5,6,7,8}','현 주제에 대해 얼마나 만족하십니까?',13),(39,'{3}','이유는 무엇입니까?',13),(40,'{4,5,6,7,8}','현 프로젝트에 대해 얼마나 만족하십니까?',14),(41,'{4,5,6,7,8}','현 팀원들에 대해 얼마나 만족하십니까?',14),(42,'{3}','이유는 무엇입니까?',14),(43,'{1,2}','현 팀원들에 대해 얼마나 만족하십니까?',15),(44,'{4,5,6,7,8}','현 팀원들에 대해 얼마나 만족하십니까?',15),(45,'{3}','이유는 무엇입니까?',15),(46,'{4,5,6,7,8}','현 프로젝트에 대해 만족하십니까?',1),(47,'{4,5,6,7,8}','현 팀원들에 대해 만족하십니까?',1),(48,'{3}','이유는 무엇입니까?',1),(49,'{4,5,6,7,8}','현 주제에 대해 얼마나 만족하십니까?',2),(50,'{4,5,6,7,8}','현 팀원들에 대해 얼마나 만족하십니까?',2),(51,'{3}','이유는 무엇입니까?',2),(52,'{4,5,6,7,8}','오전 라이브에 대해 만족하십니까?',3),(53,'{1,2}','현 프로젝트에 대해 만족하십니까?',3),(54,'{3}','이유는 무엇입니까?',3),(55,'{4,5,6,7,8}','현 주제에 대해 얼마나 만족하십니까?',4),(56,'{4,5,6,7,8}','현 팀원들에 대해 만족하십니까?',4),(57,'{3}','이유는 무엇입니까?',4),(58,'{4,5,6,7,8}','현 팀원들에 대해 만족하십니까?',5),(59,'{1,2}','현 팀원들에 대해 얼마나 만족하십니까?',5),(60,'{3}','이유는 무엇입니까?',5),(61,'{1,2}','오전 라이브에 대해 얼마나 만족하십니까?',6),(62,'{1,2}','현 팀원들에 대해 얼마나 만족하십니까?',6),(63,'{3}','이유는 무엇입니까?',6),(64,'{1,2}','현 프로젝트에 대해 만족하십니까?',7),(65,'{1,2}','현 주제에 대해 얼마나 만족하십니까?',7),(66,'{3}','이유는 무엇입니까?',7),(67,'{1,2}','현 주제에 대해 얼마나 만족하십니까?',8),(68,'{4,5,6,7,8}','오전 라이브에 대해 만족하십니까?',8),(69,'{3}','이유는 무엇입니까?',8),(70,'{1,2}','오전 라이브에 대해 만족하십니까?',9),(71,'{4,5,6,7,8}','오전 라이브에 대해 만족하십니까?',9),(72,'{3}','이유는 무엇입니까?',9),(73,'{1,2}','오전 라이브에 대해 만족하십니까?',10),(74,'{4,5,6,7,8}','현 주제에 대해 얼마나 만족하십니까?',10),(75,'{3}','이유는 무엇입니까?',10),(76,'{1,2}','현 프로젝트에 대해 얼마나 만족하십니까?',11),(77,'{1,2}','현 프로젝트에 대해 만족하십니까?',11),(78,'{3}','이유는 무엇입니까?',11),(79,'{4,5,6,7,8}','오전 라이브에 대해 얼마나 만족하십니까?',12),(80,'{4,5,6,7,8}','현 프로젝트에 대해 얼마나 만족하십니까?',12),(81,'{3}','이유는 무엇입니까?',12),(82,'{1,2}','현 주제에 대해 얼마나 만족하십니까?',13),(83,'{4,5,6,7,8}','현 주제에 대해 만족하십니까?',13),(84,'{3}','이유는 무엇입니까?',13),(85,'{4,5,6,7,8}','오전 라이브에 대해 만족하십니까?',14),(86,'{1,2}','오전 라이브에 대해 얼마나 만족하십니까?',14),(87,'{3}','이유는 무엇입니까?',14),(88,'{1,2}','현 프로젝트에 대해 만족하십니까?',15),(89,'{4,5,6,7,8}','현 프로젝트에 대해 얼마나 만족하십니까?',15),(90,'{3}','이유는 무엇입니까?',15),(91,'{4,5,6,7,8}','현 팀원들에 대해 만족하십니까?',1),(92,'{4,5,6,7,8}','오전 라이브에 대해 만족하십니까?',1),(93,'{3}','이유는 무엇입니까?',1),(94,'{1,2}','현 팀원들에 대해 만족하십니까?',2),(95,'{4,5,6,7,8}','현 주제에 대해 만족하십니까?',2),(96,'{3}','이유는 무엇입니까?',2),(97,'{4,5,6,7,8}','현 주제에 대해 얼마나 만족하십니까?',3),(98,'{4,5,6,7,8}','현 팀원들에 대해 얼마나 만족하십니까?',3),(99,'{3}','이유는 무엇입니까?',3),(100,'{1,2}','현 주제에 대해 만족하십니까?',4),(101,'{1,2}','오전 라이브에 대해 얼마나 만족하십니까?',4),(102,'{3}','이유는 무엇입니까?',4),(103,'{1,2}','현 프로젝트에 대해 만족하십니까?',5),(104,'{4,5,6,7,8}','현 주제에 대해 만족하십니까?',5),(105,'{3}','이유는 무엇입니까?',5),(106,'{4,5,6,7,8}','현 주제에 대해 만족하십니까?',6),(107,'{4,5,6,7,8}','현 팀원들에 대해 얼마나 만족하십니까?',6),(108,'{3}','이유는 무엇입니까?',6),(109,'{1,2}','현 팀원들에 대해 만족하십니까?',7),(110,'{4,5,6,7,8}','현 주제에 대해 만족하십니까?',7),(111,'{3}','이유는 무엇입니까?',7),(112,'{1,2}','현 팀원들에 대해 얼마나 만족하십니까?',8),(113,'{4,5,6,7,8}','현 주제에 대해 얼마나 만족하십니까?',8),(114,'{3}','이유는 무엇입니까?',8),(115,'{1,2}','현 프로젝트에 대해 얼마나 만족하십니까?',9),(116,'{4,5,6,7,8}','현 주제에 대해 만족하십니까?',9),(117,'{3}','이유는 무엇입니까?',9),(118,'{1,2}','현 프로젝트에 대해 만족하십니까?',10),(119,'{1,2}','오전 라이브에 대해 얼마나 만족하십니까?',10),(120,'{3}','이유는 무엇입니까?',10),(121,'{4,5,6,7,8}','현 팀원들에 대해 얼마나 만족하십니까?',11),(122,'{4,5,6,7,8}','현 주제에 대해 만족하십니까?',11),(123,'{3}','이유는 무엇입니까?',11),(124,'{4,5,6,7,8}','현 주제에 대해 얼마나 만족하십니까?',12),(125,'{1,2}','현 팀원들에 대해 얼마나 만족하십니까?',12),(126,'{3}','이유는 무엇입니까?',12),(127,'{1,2}','현 주제에 대해 얼마나 만족하십니까?',13),(128,'{1,2}','오전 라이브에 대해 만족하십니까?',13),(129,'{3}','이유는 무엇입니까?',13),(130,'{1,2}','현 팀원들에 대해 얼마나 만족하십니까?',14),(131,'{4,5,6,7,8}','현 팀원들에 대해 얼마나 만족하십니까?',14),(132,'{3}','이유는 무엇입니까?',14),(133,'{1,2}','현 팀원들에 대해 얼마나 만족하십니까?',15),(134,'{4,5,6,7,8}','현 주제에 대해 만족하십니까?',15),(135,'{3}','이유는 무엇입니까?',15),(136,'{4,5,6,7,8}','현 팀원들에 대해 만족하십니까?',1),(137,'{4,5,6,7,8}','현 프로젝트에 대해 만족하십니까?',1),(138,'{3}','이유는 무엇입니까?',1),(139,'{4,5,6,7,8}','오전 라이브에 대해 만족하십니까?',2),(140,'{4,5,6,7,8}','오전 라이브에 대해 만족하십니까?',2),(141,'{3}','이유는 무엇입니까?',2),(142,'{1,2}','현 팀원들에 대해 얼마나 만족하십니까?',3),(143,'{1,2}','현 팀원들에 대해 만족하십니까?',3),(144,'{3}','이유는 무엇입니까?',3),(145,'{4,5,6,7,8}','오전 라이브에 대해 만족하십니까?',4),(146,'{4,5,6,7,8}','현 팀원들에 대해 얼마나 만족하십니까?',4),(147,'{3}','이유는 무엇입니까?',4),(148,'{1,2}','현 프로젝트에 대해 얼마나 만족하십니까?',5),(149,'{4,5,6,7,8}','현 팀원들에 대해 만족하십니까?',5),(150,'{3}','이유는 무엇입니까?',5),(151,'{4,5,6,7,8}','현 주제에 대해 얼마나 만족하십니까?',6),(152,'{1,2}','현 프로젝트에 대해 얼마나 만족하십니까?',6),(153,'{3}','이유는 무엇입니까?',6),(154,'{1,2}','현 주제에 대해 얼마나 만족하십니까?',7),(155,'{1,2}','현 프로젝트에 대해 얼마나 만족하십니까?',7),(156,'{3}','이유는 무엇입니까?',7),(157,'{4,5,6,7,8}','현 팀원들에 대해 만족하십니까?',8),(158,'{1,2}','오전 라이브에 대해 만족하십니까?',8),(159,'{3}','이유는 무엇입니까?',8),(160,'{1,2}','오전 라이브에 대해 만족하십니까?',9),(161,'{4,5,6,7,8}','현 프로젝트에 대해 만족하십니까?',9),(162,'{3}','이유는 무엇입니까?',9),(163,'{4,5,6,7,8}','현 프로젝트에 대해 만족하십니까?',10),(164,'{1,2}','현 프로젝트에 대해 얼마나 만족하십니까?',10),(165,'{3}','이유는 무엇입니까?',10),(166,'{1,2}','오전 라이브에 대해 만족하십니까?',11),(167,'{4,5,6,7,8}','오전 라이브에 대해 얼마나 만족하십니까?',11),(168,'{3}','이유는 무엇입니까?',11),(169,'{1,2}','현 주제에 대해 얼마나 만족하십니까?',12),(170,'{4,5,6,7,8}','현 주제에 대해 얼마나 만족하십니까?',12),(171,'{3}','이유는 무엇입니까?',12),(172,'{4,5,6,7,8}','오전 라이브에 대해 얼마나 만족하십니까?',13),(173,'{1,2}','오전 라이브에 대해 만족하십니까?',13),(174,'{3}','이유는 무엇입니까?',13),(175,'{1,2}','현 프로젝트에 대해 만족하십니까?',14),(176,'{4,5,6,7,8}','오전 라이브에 대해 얼마나 만족하십니까?',14),(177,'{3}','이유는 무엇입니까?',14),(178,'{4,5,6,7,8}','오전 라이브에 대해 얼마나 만족하십니까?',15),(179,'{1,2}','오전 라이브에 대해 얼마나 만족하십니까?',15),(180,'{3}','이유는 무엇입니까?',15),(181,'{1,2}','현 주제에 대해 만족하십니까?',1),(182,'{4,5,6,7,8}','현 주제에 대해 만족하십니까?',1),(183,'{3}','이유는 무엇입니까?',1),(184,'{4,5,6,7,8}','현 프로젝트에 대해 만족하십니까?',2),(185,'{4,5,6,7,8}','오전 라이브에 대해 만족하십니까?',2),(186,'{3}','이유는 무엇입니까?',2),(187,'{1,2}','현 프로젝트에 대해 얼마나 만족하십니까?',3),(188,'{1,2}','오전 라이브에 대해 얼마나 만족하십니까?',3),(189,'{3}','이유는 무엇입니까?',3),(190,'{1,2}','오전 라이브에 대해 얼마나 만족하십니까?',4),(191,'{4,5,6,7,8}','현 주제에 대해 얼마나 만족하십니까?',4),(192,'{3}','이유는 무엇입니까?',4),(193,'{1,2}','현 프로젝트에 대해 얼마나 만족하십니까?',5),(194,'{1,2}','현 주제에 대해 만족하십니까?',5),(195,'{3}','이유는 무엇입니까?',5),(196,'{1,2}','오전 라이브에 대해 만족하십니까?',6),(197,'{4,5,6,7,8}','오전 라이브에 대해 만족하십니까?',6),(198,'{3}','이유는 무엇입니까?',6),(199,'{1,2}','오전 라이브에 대해 얼마나 만족하십니까?',7),(200,'{1,2}','현 주제에 대해 만족하십니까?',7),(201,'{3}','이유는 무엇입니까?',7),(202,'{4,5,6,7,8}','현 팀원들에 대해 얼마나 만족하십니까?',8),(203,'{4,5,6,7,8}','오전 라이브에 대해 얼마나 만족하십니까?',8),(204,'{3}','이유는 무엇입니까?',8),(205,'{1,2}','오전 라이브에 대해 얼마나 만족하십니까?',9),(206,'{4,5,6,7,8}','현 주제에 대해 만족하십니까?',9),(207,'{3}','이유는 무엇입니까?',9),(208,'{1,2}','현 프로젝트에 대해 만족하십니까?',10),(209,'{1,2}','현 팀원들에 대해 만족하십니까?',10),(210,'{3}','이유는 무엇입니까?',10),(211,'{1,2}','현 프로젝트에 대해 만족하십니까?',11),(212,'{4,5,6,7,8}','오전 라이브에 대해 만족하십니까?',11),(213,'{3}','이유는 무엇입니까?',11),(214,'{4,5,6,7,8}','현 팀원들에 대해 만족하십니까?',12),(215,'{1,2}','현 주제에 대해 얼마나 만족하십니까?',12),(216,'{3}','이유는 무엇입니까?',12),(217,'{1,2}','오전 라이브에 대해 얼마나 만족하십니까?',13),(218,'{1,2}','현 주제에 대해 얼마나 만족하십니까?',13),(219,'{3}','이유는 무엇입니까?',13),(220,'{1,2}','현 주제에 대해 만족하십니까?',14),(221,'{1,2}','현 팀원들에 대해 얼마나 만족하십니까?',14),(222,'{3}','이유는 무엇입니까?',14),(223,'{1,2}','현 프로젝트에 대해 만족하십니까?',15),(224,'{1,2}','현 팀원들에 대해 얼마나 만족하십니까?',15),(225,'{3}','이유는 무엇입니까?',15),(226,'{4,5,6,7,8}','오전 라이브에 대해 얼마나 만족하십니까?',1),(227,'{4,5,6,7,8}','현 프로젝트에 대해 만족하십니까?',1),(228,'{3}','이유는 무엇입니까?',1),(229,'{1,2}','현 팀원들에 대해 얼마나 만족하십니까?',2),(230,'{1,2}','현 팀원들에 대해 만족하십니까?',2),(231,'{3}','이유는 무엇입니까?',2),(232,'{4,5,6,7,8}','현 주제에 대해 만족하십니까?',3),(233,'{1,2}','현 주제에 대해 얼마나 만족하십니까?',3),(234,'{3}','이유는 무엇입니까?',3),(235,'{4,5,6,7,8}','현 주제에 대해 만족하십니까?',4),(236,'{1,2}','현 팀원들에 대해 만족하십니까?',4),(237,'{3}','이유는 무엇입니까?',4),(238,'{4,5,6,7,8}','현 주제에 대해 얼마나 만족하십니까?',5),(239,'{1,2}','현 주제에 대해 만족하십니까?',5),(240,'{3}','이유는 무엇입니까?',5),(241,'{4,5,6,7,8}','오전 라이브에 대해 얼마나 만족하십니까?',6),(242,'{1,2}','현 프로젝트에 대해 만족하십니까?',6),(243,'{3}','이유는 무엇입니까?',6),(244,'{1,2}','현 프로젝트에 대해 얼마나 만족하십니까?',7),(245,'{4,5,6,7,8}','현 프로젝트에 대해 만족하십니까?',7),(246,'{3}','이유는 무엇입니까?',7),(247,'{1,2}','현 팀원들에 대해 얼마나 만족하십니까?',8),(248,'{4,5,6,7,8}','현 팀원들에 대해 만족하십니까?',8),(249,'{3}','이유는 무엇입니까?',8),(250,'{1,2}','현 프로젝트에 대해 만족하십니까?',9),(251,'{4,5,6,7,8}','현 프로젝트에 대해 만족하십니까?',9),(252,'{3}','이유는 무엇입니까?',9),(253,'{1,2}','현 팀원들에 대해 만족하십니까?',10),(254,'{1,2}','오전 라이브에 대해 얼마나 만족하십니까?',10),(255,'{3}','이유는 무엇입니까?',10),(256,'{1,2}','현 프로젝트에 대해 만족하십니까?',11),(257,'{4,5,6,7,8}','오전 라이브에 대해 만족하십니까?',11),(258,'{3}','이유는 무엇입니까?',11),(259,'{1,2}','현 주제에 대해 얼마나 만족하십니까?',12),(260,'{1,2}','현 팀원들에 대해 만족하십니까?',12),(261,'{3}','이유는 무엇입니까?',12),(262,'{1,2}','현 팀원들에 대해 만족하십니까?',13),(263,'{4,5,6,7,8}','현 프로젝트에 대해 얼마나 만족하십니까?',13),(264,'{3}','이유는 무엇입니까?',13),(265,'{4,5,6,7,8}','오전 라이브에 대해 얼마나 만족하십니까?',14),(266,'{4,5,6,7,8}','현 팀원들에 대해 얼마나 만족하십니까?',14),(267,'{3}','이유는 무엇입니까?',14),(268,'{1,2}','오전 라이브에 대해 만족하십니까?',15),(269,'{1,2}','현 팀원들에 대해 만족하십니까?',15),(270,'{3}','이유는 무엇입니까?',15),(271,'{1,2}','현 프로젝트에 대해 얼마나 만족하십니까?',1),(272,'{1,2}','현 팀원들에 대해 만족하십니까?',1),(273,'{3}','이유는 무엇입니까?',1),(274,'{4,5,6,7,8}','현 주제에 대해 얼마나 만족하십니까?',2),(275,'{4,5,6,7,8}','현 프로젝트에 대해 얼마나 만족하십니까?',2),(276,'{3}','이유는 무엇입니까?',2),(277,'{4,5,6,7,8}','현 팀원들에 대해 만족하십니까?',3),(278,'{4,5,6,7,8}','오전 라이브에 대해 얼마나 만족하십니까?',3),(279,'{3}','이유는 무엇입니까?',3),(280,'{1,2}','현 팀원들에 대해 만족하십니까?',4),(281,'{1,2}','현 프로젝트에 대해 만족하십니까?',4),(282,'{3}','이유는 무엇입니까?',4),(283,'{4,5,6,7,8}','현 주제에 대해 얼마나 만족하십니까?',5),(284,'{4,5,6,7,8}','현 프로젝트에 대해 만족하십니까?',5),(285,'{3}','이유는 무엇입니까?',5),(286,'{1,2}','현 주제에 대해 만족하십니까?',6),(287,'{4,5,6,7,8}','오전 라이브에 대해 만족하십니까?',6),(288,'{3}','이유는 무엇입니까?',6),(289,'{4,5,6,7,8}','오전 라이브에 대해 만족하십니까?',7),(290,'{1,2}','현 팀원들에 대해 얼마나 만족하십니까?',7),(291,'{3}','이유는 무엇입니까?',7),(292,'{4,5,6,7,8}','오전 라이브에 대해 만족하십니까?',8),(293,'{4,5,6,7,8}','현 주제에 대해 만족하십니까?',8),(294,'{3}','이유는 무엇입니까?',8),(295,'{1,2}','현 프로젝트에 대해 만족하십니까?',9),(296,'{4,5,6,7,8}','현 프로젝트에 대해 만족하십니까?',9),(297,'{3}','이유는 무엇입니까?',9),(298,'{4,5,6,7,8}','현 프로젝트에 대해 만족하십니까?',10),(299,'{1,2}','현 주제에 대해 만족하십니까?',10),(300,'{3}','이유는 무엇입니까?',10),(301,'{4,5,6,7,8}','오전 라이브에 대해 만족하십니까?',11),(302,'{1,2}','오전 라이브에 대해 만족하십니까?',11),(303,'{3}','이유는 무엇입니까?',11),(304,'{4,5,6,7,8}','오전 라이브에 대해 만족하십니까?',12),(305,'{1,2}','현 팀원들에 대해 만족하십니까?',12),(306,'{3}','이유는 무엇입니까?',12),(307,'{4,5,6,7,8}','현 팀원들에 대해 얼마나 만족하십니까?',13),(308,'{1,2}','현 주제에 대해 얼마나 만족하십니까?',13),(309,'{3}','이유는 무엇입니까?',13),(310,'{4,5,6,7,8}','현 팀원들에 대해 얼마나 만족하십니까?',14),(311,'{1,2}','오전 라이브에 대해 얼마나 만족하십니까?',14),(312,'{3}','이유는 무엇입니까?',14),(313,'{4,5,6,7,8}','오전 라이브에 대해 얼마나 만족하십니까?',15),(314,'{1,2}','현 주제에 대해 만족하십니까?',15),(315,'{3}','이유는 무엇입니까?',15),(316,'{1,2}','오전 라이브에 대해 얼마나 만족하십니까?',1),(317,'{4,5,6,7,8}','오전 라이브에 대해 얼마나 만족하십니까?',1),(318,'{3}','이유는 무엇입니까?',1),(319,'{4,5,6,7,8}','현 팀원들에 대해 얼마나 만족하십니까?',2),(320,'{4,5,6,7,8}','현 팀원들에 대해 만족하십니까?',2),(321,'{3}','이유는 무엇입니까?',2),(322,'{4,5,6,7,8}','오전 라이브에 대해 만족하십니까?',3),(323,'{1,2}','현 팀원들에 대해 만족하십니까?',3),(324,'{3}','이유는 무엇입니까?',3),(325,'{4,5,6,7,8}','현 주제에 대해 만족하십니까?',4),(326,'{4,5,6,7,8}','현 주제에 대해 얼마나 만족하십니까?',4),(327,'{3}','이유는 무엇입니까?',4),(328,'{1,2}','현 주제에 대해 만족하십니까?',5),(329,'{1,2}','오전 라이브에 대해 만족하십니까?',5),(330,'{3}','이유는 무엇입니까?',5),(331,'{1,2}','현 주제에 대해 만족하십니까?',6),(332,'{1,2}','오전 라이브에 대해 만족하십니까?',6),(333,'{3}','이유는 무엇입니까?',6),(334,'{1,2}','현 팀원들에 대해 만족하십니까?',7),(335,'{4,5,6,7,8}','현 프로젝트에 대해 만족하십니까?',7),(336,'{3}','이유는 무엇입니까?',7),(337,'{1,2}','현 팀원들에 대해 만족하십니까?',8),(338,'{1,2}','현 프로젝트에 대해 만족하십니까?',8),(339,'{3}','이유는 무엇입니까?',8),(340,'{4,5,6,7,8}','현 주제에 대해 만족하십니까?',9),(341,'{1,2}','현 팀원들에 대해 만족하십니까?',9),(342,'{3}','이유는 무엇입니까?',9),(343,'{1,2}','현 프로젝트에 대해 만족하십니까?',10),(344,'{1,2}','현 프로젝트에 대해 얼마나 만족하십니까?',10),(345,'{3}','이유는 무엇입니까?',10),(346,'{1,2}','현 팀원들에 대해 얼마나 만족하십니까?',11),(347,'{4,5,6,7,8}','현 주제에 대해 얼마나 만족하십니까?',11),(348,'{3}','이유는 무엇입니까?',11),(349,'{4,5,6,7,8}','현 프로젝트에 대해 만족하십니까?',12),(350,'{1,2}','오전 라이브에 대해 만족하십니까?',12),(351,'{3}','이유는 무엇입니까?',12),(352,'{4,5,6,7,8}','현 주제에 대해 얼마나 만족하십니까?',13),(353,'{4,5,6,7,8}','현 주제에 대해 만족하십니까?',13),(354,'{3}','이유는 무엇입니까?',13),(355,'{1,2}','현 주제에 대해 얼마나 만족하십니까?',14),(356,'{4,5,6,7,8}','현 주제에 대해 얼마나 만족하십니까?',14),(357,'{3}','이유는 무엇입니까?',14),(358,'{4,5,6,7,8}','현 주제에 대해 만족하십니까?',15),(359,'{1,2}','현 주제에 대해 만족하십니까?',15),(360,'{3}','이유는 무엇입니까?',15),(361,'{1,2}','현 팀원들에 대해 만족하십니까?',1),(362,'{1,2}','현 팀원들에 대해 만족하십니까?',1),(363,'{3}','이유는 무엇입니까?',1),(364,'{1,2}','현 프로젝트에 대해 얼마나 만족하십니까?',2),(365,'{1,2}','오전 라이브에 대해 얼마나 만족하십니까?',2),(366,'{3}','이유는 무엇입니까?',2),(367,'{1,2}','현 팀원들에 대해 얼마나 만족하십니까?',3),(368,'{4,5,6,7,8}','현 팀원들에 대해 얼마나 만족하십니까?',3),(369,'{3}','이유는 무엇입니까?',3),(370,'{4,5,6,7,8}','현 주제에 대해 얼마나 만족하십니까?',4),(371,'{1,2}','오전 라이브에 대해 얼마나 만족하십니까?',4),(372,'{3}','이유는 무엇입니까?',4),(373,'{1,2}','현 주제에 대해 얼마나 만족하십니까?',5),(374,'{1,2}','오전 라이브에 대해 만족하십니까?',5),(375,'{3}','이유는 무엇입니까?',5),(376,'{4,5,6,7,8}','현 프로젝트에 대해 만족하십니까?',6),(377,'{4,5,6,7,8}','현 주제에 대해 만족하십니까?',6),(378,'{3}','이유는 무엇입니까?',6),(379,'{1,2}','현 프로젝트에 대해 얼마나 만족하십니까?',7),(380,'{1,2}','오전 라이브에 대해 얼마나 만족하십니까?',7),(381,'{3}','이유는 무엇입니까?',7),(382,'{1,2}','현 주제에 대해 얼마나 만족하십니까?',8),(383,'{4,5,6,7,8}','현 프로젝트에 대해 얼마나 만족하십니까?',8),(384,'{3}','이유는 무엇입니까?',8),(385,'{4,5,6,7,8}','현 팀원들에 대해 만족하십니까?',9),(386,'{4,5,6,7,8}','현 팀원들에 대해 만족하십니까?',9),(387,'{3}','이유는 무엇입니까?',9),(388,'{4,5,6,7,8}','오전 라이브에 대해 얼마나 만족하십니까?',10),(389,'{1,2}','현 팀원들에 대해 만족하십니까?',10),(390,'{3}','이유는 무엇입니까?',10),(391,'{1,2}','오전 라이브에 대해 얼마나 만족하십니까?',11),(392,'{1,2}','현 프로젝트에 대해 얼마나 만족하십니까?',11),(393,'{3}','이유는 무엇입니까?',11),(394,'{4,5,6,7,8}','현 프로젝트에 대해 만족하십니까?',12),(395,'{1,2}','오전 라이브에 대해 만족하십니까?',12),(396,'{3}','이유는 무엇입니까?',12),(397,'{4,5,6,7,8}','오전 라이브에 대해 만족하십니까?',13),(398,'{4,5,6,7,8}','오전 라이브에 대해 만족하십니까?',13),(399,'{3}','이유는 무엇입니까?',13),(400,'{1,2}','현 주제에 대해 얼마나 만족하십니까?',14),(401,'{4,5,6,7,8}','현 팀원들에 대해 만족하십니까?',14),(402,'{3}','이유는 무엇입니까?',14),(403,'{4,5,6,7,8}','현 프로젝트에 대해 얼마나 만족하십니까?',15),(404,'{4,5,6,7,8}','현 주제에 대해 얼마나 만족하십니까?',15),(405,'{3}','이유는 무엇입니까?',15),(406,'{1,2}','현 주제에 대해 얼마나 만족하십니까?',1),(407,'{4,5,6,7,8}','현 주제에 대해 만족하십니까?',1),(408,'{3}','이유는 무엇입니까?',1),(409,'{4,5,6,7,8}','현 팀원들에 대해 얼마나 만족하십니까?',2),(410,'{4,5,6,7,8}','현 팀원들에 대해 만족하십니까?',2),(411,'{3}','이유는 무엇입니까?',2),(412,'{1,2}','현 주제에 대해 얼마나 만족하십니까?',3),(413,'{4,5,6,7,8}','현 프로젝트에 대해 얼마나 만족하십니까?',3),(414,'{3}','이유는 무엇입니까?',3),(415,'{1,2}','현 팀원들에 대해 만족하십니까?',4),(416,'{1,2}','오전 라이브에 대해 얼마나 만족하십니까?',4),(417,'{3}','이유는 무엇입니까?',4),(418,'{1,2}','오전 라이브에 대해 만족하십니까?',5),(419,'{4,5,6,7,8}','현 팀원들에 대해 얼마나 만족하십니까?',5),(420,'{3}','이유는 무엇입니까?',5),(421,'{1,2}','현 주제에 대해 만족하십니까?',6),(422,'{1,2}','현 팀원들에 대해 만족하십니까?',6),(423,'{3}','이유는 무엇입니까?',6),(424,'{1,2}','현 주제에 대해 만족하십니까?',7),(425,'{1,2}','현 프로젝트에 대해 얼마나 만족하십니까?',7),(426,'{3}','이유는 무엇입니까?',7),(427,'{4,5,6,7,8}','현 팀원들에 대해 만족하십니까?',8),(428,'{1,2}','현 프로젝트에 대해 만족하십니까?',8),(429,'{3}','이유는 무엇입니까?',8),(430,'{1,2}','현 주제에 대해 만족하십니까?',9),(431,'{1,2}','현 주제에 대해 만족하십니까?',9),(432,'{3}','이유는 무엇입니까?',9),(433,'{4,5,6,7,8}','현 팀원들에 대해 만족하십니까?',10),(434,'{4,5,6,7,8}','현 주제에 대해 만족하십니까?',10),(435,'{3}','이유는 무엇입니까?',10),(436,'{4,5,6,7,8}','현 프로젝트에 대해 만족하십니까?',11),(437,'{1,2}','현 팀원들에 대해 얼마나 만족하십니까?',11),(438,'{3}','이유는 무엇입니까?',11),(439,'{1,2}','현 주제에 대해 얼마나 만족하십니까?',12),(440,'{4,5,6,7,8}','현 팀원들에 대해 얼마나 만족하십니까?',12),(441,'{3}','이유는 무엇입니까?',12),(442,'{4,5,6,7,8}','현 팀원들에 대해 얼마나 만족하십니까?',13),(443,'{4,5,6,7,8}','현 팀원들에 대해 만족하십니까?',13),(444,'{3}','이유는 무엇입니까?',13),(445,'{1,2}','현 프로젝트에 대해 만족하십니까?',14),(446,'{1,2}','현 팀원들에 대해 만족하십니까?',14),(447,'{3}','이유는 무엇입니까?',14),(448,'{1,2}','현 프로젝트에 대해 얼마나 만족하십니까?',15),(449,'{1,2}','현 팀원들에 대해 얼마나 만족하십니까?',15),(450,'{3}','이유는 무엇입니까?',15),(451,'{1,2}','오전 라이브에 대해 얼마나 만족하십니까?',1),(452,'{1,2}','현 팀원들에 대해 만족하십니까?',1),(453,'{3}','이유는 무엇입니까?',1),(454,'{1,2}','현 주제에 대해 만족하십니까?',2),(455,'{4,5,6,7,8}','현 팀원들에 대해 만족하십니까?',2),(456,'{3}','이유는 무엇입니까?',2),(457,'{4,5,6,7,8}','현 팀원들에 대해 만족하십니까?',3),(458,'{4,5,6,7,8}','현 프로젝트에 대해 얼마나 만족하십니까?',3),(459,'{3}','이유는 무엇입니까?',3),(460,'{4,5,6,7,8}','현 팀원들에 대해 만족하십니까?',4),(461,'{4,5,6,7,8}','현 팀원들에 대해 만족하십니까?',4),(462,'{3}','이유는 무엇입니까?',4),(463,'{4,5,6,7,8}','현 프로젝트에 대해 만족하십니까?',5),(464,'{1,2}','현 주제에 대해 얼마나 만족하십니까?',5),(465,'{3}','이유는 무엇입니까?',5),(466,'{1,2}','현 팀원들에 대해 얼마나 만족하십니까?',6),(467,'{4,5,6,7,8}','현 프로젝트에 대해 만족하십니까?',6),(468,'{3}','이유는 무엇입니까?',6),(469,'{4,5,6,7,8}','오전 라이브에 대해 얼마나 만족하십니까?',7),(470,'{4,5,6,7,8}','현 프로젝트에 대해 얼마나 만족하십니까?',7),(471,'{3}','이유는 무엇입니까?',7),(472,'{1,2}','현 프로젝트에 대해 얼마나 만족하십니까?',8),(473,'{1,2}','현 주제에 대해 얼마나 만족하십니까?',8),(474,'{3}','이유는 무엇입니까?',8),(475,'{4,5,6,7,8}','현 주제에 대해 만족하십니까?',9),(476,'{1,2}','현 팀원들에 대해 얼마나 만족하십니까?',9),(477,'{3}','이유는 무엇입니까?',9),(478,'{4,5,6,7,8}','현 프로젝트에 대해 만족하십니까?',10),(479,'{1,2}','현 프로젝트에 대해 얼마나 만족하십니까?',10),(480,'{3}','이유는 무엇입니까?',10),(481,'{1,2}','오전 라이브에 대해 얼마나 만족하십니까?',11),(482,'{4,5,6,7,8}','현 팀원들에 대해 만족하십니까?',11),(483,'{3}','이유는 무엇입니까?',11),(484,'{4,5,6,7,8}','현 프로젝트에 대해 얼마나 만족하십니까?',12),(485,'{1,2}','현 주제에 대해 만족하십니까?',12),(486,'{3}','이유는 무엇입니까?',12),(487,'{4,5,6,7,8}','현 프로젝트에 대해 만족하십니까?',13),(488,'{4,5,6,7,8}','현 프로젝트에 대해 얼마나 만족하십니까?',13),(489,'{3}','이유는 무엇입니까?',13),(490,'{1,2}','현 주제에 대해 만족하십니까?',14),(491,'{4,5,6,7,8}','현 프로젝트에 대해 얼마나 만족하십니까?',14),(492,'{3}','이유는 무엇입니까?',14),(493,'{4,5,6,7,8}','오전 라이브에 대해 만족하십니까?',15),(494,'{1,2}','현 주제에 대해 얼마나 만족하십니까?',15),(495,'{3}','이유는 무엇입니까?',15),(496,'{4,5,6,7,8}','오전 라이브에 대해 얼마나 만족하십니까?',1),(497,'{1,2}','현 프로젝트에 대해 만족하십니까?',1),(498,'{3}','이유는 무엇입니까?',1),(499,'{4,5,6,7,8}','현 팀원들에 대해 만족하십니까?',2),(500,'{4,5,6,7,8}','오전 라이브에 대해 얼마나 만족하십니까?',2),(501,'{3}','이유는 무엇입니까?',2),(502,'{1,2}','현 팀원들에 대해 만족하십니까?',3),(503,'{4,5,6,7,8}','현 프로젝트에 대해 얼마나 만족하십니까?',3),(504,'{3}','이유는 무엇입니까?',3),(505,'{4,5,6,7,8}','현 프로젝트에 대해 만족하십니까?',4),(506,'{1,2}','현 주제에 대해 만족하십니까?',4),(507,'{3}','이유는 무엇입니까?',4),(508,'{4,5,6,7,8}','현 프로젝트에 대해 만족하십니까?',5),(509,'{4,5,6,7,8}','현 프로젝트에 대해 얼마나 만족하십니까?',5),(510,'{3}','이유는 무엇입니까?',5),(511,'{1,2}','오전 라이브에 대해 얼마나 만족하십니까?',6),(512,'{4,5,6,7,8}','현 프로젝트에 대해 얼마나 만족하십니까?',6),(513,'{3}','이유는 무엇입니까?',6),(514,'{1,2}','현 주제에 대해 만족하십니까?',7),(515,'{1,2}','현 팀원들에 대해 얼마나 만족하십니까?',7),(516,'{3}','이유는 무엇입니까?',7),(517,'{1,2}','현 팀원들에 대해 만족하십니까?',8),(518,'{4,5,6,7,8}','현 팀원들에 대해 얼마나 만족하십니까?',8),(519,'{3}','이유는 무엇입니까?',8),(520,'{1,2}','현 주제에 대해 얼마나 만족하십니까?',9),(521,'{4,5,6,7,8}','오전 라이브에 대해 얼마나 만족하십니까?',9),(522,'{3}','이유는 무엇입니까?',9),(523,'{4,5,6,7,8}','현 팀원들에 대해 만족하십니까?',10),(524,'{1,2}','현 프로젝트에 대해 만족하십니까?',10),(525,'{3}','이유는 무엇입니까?',10),(526,'{4,5,6,7,8}','오전 라이브에 대해 얼마나 만족하십니까?',11),(527,'{4,5,6,7,8}','현 팀원들에 대해 얼마나 만족하십니까?',11),(528,'{3}','이유는 무엇입니까?',11),(529,'{1,2}','오전 라이브에 대해 만족하십니까?',12),(530,'{1,2}','오전 라이브에 대해 만족하십니까?',12),(531,'{3}','이유는 무엇입니까?',12),(532,'{4,5,6,7,8}','오전 라이브에 대해 얼마나 만족하십니까?',13),(533,'{1,2}','오전 라이브에 대해 만족하십니까?',13),(534,'{3}','이유는 무엇입니까?',13),(535,'{4,5,6,7,8}','오전 라이브에 대해 만족하십니까?',14),(536,'{4,5,6,7,8}','현 프로젝트에 대해 만족하십니까?',14),(537,'{3}','이유는 무엇입니까?',14),(538,'{1,2}','현 주제에 대해 만족하십니까?',15),(539,'{1,2}','현 프로젝트에 대해 얼마나 만족하십니까?',15),(540,'{3}','이유는 무엇입니까?',15),(541,'{1,2}','현 주제에 대해 얼마나 만족하십니까?',1),(542,'{4,5,6,7,8}','현 주제에 대해 만족하십니까?',1),(543,'{3}','이유는 무엇입니까?',1),(544,'{1,2}','현 주제에 대해 얼마나 만족하십니까?',2),(545,'{4,5,6,7,8}','현 주제에 대해 만족하십니까?',2),(546,'{3}','이유는 무엇입니까?',2),(547,'{1,2}','현 주제에 대해 만족하십니까?',3),(548,'{4,5,6,7,8}','오전 라이브에 대해 만족하십니까?',3),(549,'{3}','이유는 무엇입니까?',3),(550,'{4,5,6,7,8}','현 프로젝트에 대해 얼마나 만족하십니까?',4),(551,'{4,5,6,7,8}','현 팀원들에 대해 얼마나 만족하십니까?',4),(552,'{3}','이유는 무엇입니까?',4),(553,'{1,2}','현 주제에 대해 만족하십니까?',5),(554,'{4,5,6,7,8}','현 주제에 대해 만족하십니까?',5),(555,'{3}','이유는 무엇입니까?',5),(556,'{1,2}','오전 라이브에 대해 얼마나 만족하십니까?',6),(557,'{4,5,6,7,8}','현 프로젝트에 대해 얼마나 만족하십니까?',6),(558,'{3}','이유는 무엇입니까?',6),(559,'{1,2}','오전 라이브에 대해 얼마나 만족하십니까?',7),(560,'{4,5,6,7,8}','현 주제에 대해 얼마나 만족하십니까?',7),(561,'{3}','이유는 무엇입니까?',7),(562,'{4,5,6,7,8}','현 팀원들에 대해 얼마나 만족하십니까?',8),(563,'{1,2}','현 팀원들에 대해 만족하십니까?',8),(564,'{3}','이유는 무엇입니까?',8),(565,'{1,2}','현 프로젝트에 대해 얼마나 만족하십니까?',9),(566,'{1,2}','현 프로젝트에 대해 만족하십니까?',9),(567,'{3}','이유는 무엇입니까?',9),(568,'{4,5,6,7,8}','현 주제에 대해 얼마나 만족하십니까?',10),(569,'{1,2}','현 프로젝트에 대해 얼마나 만족하십니까?',10),(570,'{3}','이유는 무엇입니까?',10),(571,'{1,2}','오전 라이브에 대해 만족하십니까?',11),(572,'{1,2}','오전 라이브에 대해 얼마나 만족하십니까?',11),(573,'{3}','이유는 무엇입니까?',11),(574,'{4,5,6,7,8}','오전 라이브에 대해 얼마나 만족하십니까?',12),(575,'{4,5,6,7,8}','오전 라이브에 대해 얼마나 만족하십니까?',12),(576,'{3}','이유는 무엇입니까?',12),(577,'{4,5,6,7,8}','현 프로젝트에 대해 얼마나 만족하십니까?',13),(578,'{4,5,6,7,8}','현 팀원들에 대해 만족하십니까?',13),(579,'{3}','이유는 무엇입니까?',13),(580,'{4,5,6,7,8}','현 프로젝트에 대해 만족하십니까?',14),(581,'{1,2}','현 주제에 대해 얼마나 만족하십니까?',14),(582,'{3}','이유는 무엇입니까?',14),(583,'{1,2}','현 주제에 대해 얼마나 만족하십니까?',15),(584,'{1,2}','현 프로젝트에 대해 얼마나 만족하십니까?',15),(585,'{3}','이유는 무엇입니까?',15),(586,'{1,2}','현 프로젝트에 대해 만족하십니까?',1),(587,'{1,2}','오전 라이브에 대해 얼마나 만족하십니까?',1),(588,'{3}','이유는 무엇입니까?',1),(589,'{4,5,6,7,8}','현 주제에 대해 만족하십니까?',2),(590,'{1,2}','현 프로젝트에 대해 얼마나 만족하십니까?',2),(591,'{3}','이유는 무엇입니까?',2),(592,'{4,5,6,7,8}','오전 라이브에 대해 얼마나 만족하십니까?',3),(593,'{4,5,6,7,8}','현 주제에 대해 얼마나 만족하십니까?',3),(594,'{3}','이유는 무엇입니까?',3),(595,'{4,5,6,7,8}','현 주제에 대해 얼마나 만족하십니까?',4),(596,'{1,2}','현 주제에 대해 만족하십니까?',4),(597,'{3}','이유는 무엇입니까?',4),(598,'{4,5,6,7,8}','현 팀원들에 대해 만족하십니까?',5),(599,'{1,2}','오전 라이브에 대해 얼마나 만족하십니까?',5),(600,'{3}','이유는 무엇입니까?',5),(601,'{1,2}','오전 라이브에 대해 만족하십니까?',6),(602,'{4,5,6,7,8}','현 주제에 대해 얼마나 만족하십니까?',6),(603,'{3}','이유는 무엇입니까?',6),(604,'{1,2}','현 주제에 대해 얼마나 만족하십니까?',7),(605,'{4,5,6,7,8}','현 주제에 대해 만족하십니까?',7),(606,'{3}','이유는 무엇입니까?',7),(607,'{1,2}','오전 라이브에 대해 얼마나 만족하십니까?',8),(608,'{4,5,6,7,8}','현 주제에 대해 얼마나 만족하십니까?',8),(609,'{3}','이유는 무엇입니까?',8),(610,'{1,2}','현 팀원들에 대해 얼마나 만족하십니까?',9),(611,'{4,5,6,7,8}','현 팀원들에 대해 얼마나 만족하십니까?',9),(612,'{3}','이유는 무엇입니까?',9),(613,'{4,5,6,7,8}','현 프로젝트에 대해 만족하십니까?',10),(614,'{1,2}','현 주제에 대해 만족하십니까?',10),(615,'{3}','이유는 무엇입니까?',10),(616,'{4,5,6,7,8}','현 프로젝트에 대해 얼마나 만족하십니까?',11),(617,'{1,2}','현 프로젝트에 대해 얼마나 만족하십니까?',11),(618,'{3}','이유는 무엇입니까?',11),(619,'{4,5,6,7,8}','현 주제에 대해 얼마나 만족하십니까?',12),(620,'{4,5,6,7,8}','현 주제에 대해 얼마나 만족하십니까?',12),(621,'{3}','이유는 무엇입니까?',12),(622,'{1,2}','현 팀원들에 대해 만족하십니까?',13),(623,'{1,2}','오전 라이브에 대해 얼마나 만족하십니까?',13),(624,'{3}','이유는 무엇입니까?',13),(625,'{4,5,6,7,8}','현 주제에 대해 만족하십니까?',14),(626,'{1,2}','오전 라이브에 대해 얼마나 만족하십니까?',14),(627,'{3}','이유는 무엇입니까?',14),(628,'{1,2}','오전 라이브에 대해 얼마나 만족하십니까?',15),(629,'{4,5,6,7,8}','오전 라이브에 대해 만족하십니까?',15),(630,'{3}','이유는 무엇입니까?',15),(631,'{4,5,6,7,8}','오전 라이브에 대해 얼마나 만족하십니까?',1),(632,'{1,2}','오전 라이브에 대해 만족하십니까?',1),(633,'{3}','이유는 무엇입니까?',1),(634,'{1,2}','오전 라이브에 대해 만족하십니까?',2),(635,'{1,2}','현 프로젝트에 대해 만족하십니까?',2),(636,'{3}','이유는 무엇입니까?',2),(637,'{4,5,6,7,8}','현 팀원들에 대해 만족하십니까?',3),(638,'{1,2}','현 팀원들에 대해 만족하십니까?',3),(639,'{3}','이유는 무엇입니까?',3),(640,'{4,5,6,7,8}','현 팀원들에 대해 얼마나 만족하십니까?',4),(641,'{4,5,6,7,8}','현 프로젝트에 대해 얼마나 만족하십니까?',4),(642,'{3}','이유는 무엇입니까?',4),(643,'{1,2}','현 주제에 대해 만족하십니까?',5),(644,'{1,2}','현 팀원들에 대해 만족하십니까?',5),(645,'{3}','이유는 무엇입니까?',5),(646,'{1,2}','오전 라이브에 대해 만족하십니까?',6),(647,'{4,5,6,7,8}','현 주제에 대해 만족하십니까?',6),(648,'{3}','이유는 무엇입니까?',6),(649,'{4,5,6,7,8}','오전 라이브에 대해 만족하십니까?',7),(650,'{4,5,6,7,8}','오전 라이브에 대해 얼마나 만족하십니까?',7),(651,'{3}','이유는 무엇입니까?',7),(652,'{4,5,6,7,8}','현 주제에 대해 만족하십니까?',8),(653,'{4,5,6,7,8}','현 프로젝트에 대해 만족하십니까?',8),(654,'{3}','이유는 무엇입니까?',8),(655,'{1,2}','현 주제에 대해 얼마나 만족하십니까?',9),(656,'{4,5,6,7,8}','현 팀원들에 대해 만족하십니까?',9),(657,'{3}','이유는 무엇입니까?',9),(658,'{4,5,6,7,8}','오전 라이브에 대해 얼마나 만족하십니까?',10),(659,'{4,5,6,7,8}','오전 라이브에 대해 만족하십니까?',10),(660,'{3}','이유는 무엇입니까?',10),(661,'{4,5,6,7,8}','현 팀원들에 대해 만족하십니까?',11),(662,'{4,5,6,7,8}','현 주제에 대해 만족하십니까?',11),(663,'{3}','이유는 무엇입니까?',11),(664,'{4,5,6,7,8}','현 프로젝트에 대해 만족하십니까?',12),(665,'{1,2}','현 팀원들에 대해 얼마나 만족하십니까?',12),(666,'{3}','이유는 무엇입니까?',12),(667,'{1,2}','현 주제에 대해 만족하십니까?',13),(668,'{4,5,6,7,8}','현 팀원들에 대해 얼마나 만족하십니까?',13),(669,'{3}','이유는 무엇입니까?',13),(670,'{4,5,6,7,8}','현 주제에 대해 얼마나 만족하십니까?',14),(671,'{4,5,6,7,8}','현 프로젝트에 대해 만족하십니까?',14),(672,'{3}','이유는 무엇입니까?',14),(673,'{4,5,6,7,8}','현 팀원들에 대해 만족하십니까?',15),(674,'{1,2}','현 프로젝트에 대해 얼마나 만족하십니까?',15),(675,'{3}','이유는 무엇입니까?',15),(676,'{1,2}','현 프로젝트에 대해 얼마나 만족하십니까?',1),(677,'{4,5,6,7,8}','오전 라이브에 대해 만족하십니까?',1),(678,'{3}','이유는 무엇입니까?',1),(679,'{1,2}','오전 라이브에 대해 만족하십니까?',2),(680,'{1,2}','현 프로젝트에 대해 얼마나 만족하십니까?',2),(681,'{3}','이유는 무엇입니까?',2),(682,'{4,5,6,7,8}','현 주제에 대해 만족하십니까?',3),(683,'{4,5,6,7,8}','현 프로젝트에 대해 얼마나 만족하십니까?',3),(684,'{3}','이유는 무엇입니까?',3),(685,'{4,5,6,7,8}','오전 라이브에 대해 만족하십니까?',4),(686,'{1,2}','오전 라이브에 대해 만족하십니까?',4),(687,'{3}','이유는 무엇입니까?',4),(688,'{1,2}','현 팀원들에 대해 만족하십니까?',5),(689,'{1,2}','현 주제에 대해 얼마나 만족하십니까?',5),(690,'{3}','이유는 무엇입니까?',5),(691,'{4,5,6,7,8}','현 프로젝트에 대해 만족하십니까?',6),(692,'{1,2}','현 프로젝트에 대해 얼마나 만족하십니까?',6),(693,'{3}','이유는 무엇입니까?',6),(694,'{1,2}','현 프로젝트에 대해 얼마나 만족하십니까?',7),(695,'{1,2}','현 주제에 대해 얼마나 만족하십니까?',7),(696,'{3}','이유는 무엇입니까?',7),(697,'{1,2}','현 주제에 대해 얼마나 만족하십니까?',8),(698,'{4,5,6,7,8}','현 주제에 대해 얼마나 만족하십니까?',8),(699,'{3}','이유는 무엇입니까?',8),(700,'{1,2}','현 팀원들에 대해 얼마나 만족하십니까?',9),(701,'{1,2}','현 팀원들에 대해 만족하십니까?',9),(702,'{3}','이유는 무엇입니까?',9),(703,'{4,5,6,7,8}','현 팀원들에 대해 만족하십니까?',10),(704,'{4,5,6,7,8}','현 주제에 대해 만족하십니까?',10),(705,'{3}','이유는 무엇입니까?',10),(706,'{1,2}','오전 라이브에 대해 만족하십니까?',11),(707,'{1,2}','오전 라이브에 대해 얼마나 만족하십니까?',11),(708,'{3}','이유는 무엇입니까?',11),(709,'{1,2}','현 주제에 대해 만족하십니까?',12),(710,'{4,5,6,7,8}','오전 라이브에 대해 얼마나 만족하십니까?',12),(711,'{3}','이유는 무엇입니까?',12),(712,'{4,5,6,7,8}','현 팀원들에 대해 얼마나 만족하십니까?',13),(713,'{1,2}','현 팀원들에 대해 얼마나 만족하십니까?',13),(714,'{3}','이유는 무엇입니까?',13),(715,'{4,5,6,7,8}','현 팀원들에 대해 만족하십니까?',14),(716,'{1,2}','현 주제에 대해 만족하십니까?',14),(717,'{3}','이유는 무엇입니까?',14),(718,'{4,5,6,7,8}','현 팀원들에 대해 만족하십니까?',15),(719,'{4,5,6,7,8}','현 주제에 대해 얼마나 만족하십니까?',15),(720,'{3}','이유는 무엇입니까?',15),(721,'{4,5,6,7,8}','오전 라이브에 대해 만족하십니까?',1),(722,'{1,2}','현 주제에 대해 만족하십니까?',1),(723,'{3}','이유는 무엇입니까?',1),(724,'{1,2}','현 주제에 대해 만족하십니까?',2),(725,'{4,5,6,7,8}','오전 라이브에 대해 만족하십니까?',2),(726,'{3}','이유는 무엇입니까?',2),(727,'{1,2}','현 주제에 대해 만족하십니까?',3),(728,'{1,2}','현 팀원들에 대해 만족하십니까?',3),(729,'{3}','이유는 무엇입니까?',3),(730,'{4,5,6,7,8}','현 프로젝트에 대해 만족하십니까?',4),(731,'{4,5,6,7,8}','오전 라이브에 대해 만족하십니까?',4),(732,'{3}','이유는 무엇입니까?',4),(733,'{4,5,6,7,8}','현 팀원들에 대해 얼마나 만족하십니까?',5),(734,'{4,5,6,7,8}','오전 라이브에 대해 만족하십니까?',5),(735,'{3}','이유는 무엇입니까?',5),(736,'{4,5,6,7,8}','현 주제에 대해 얼마나 만족하십니까?',6),(737,'{4,5,6,7,8}','현 프로젝트에 대해 만족하십니까?',6),(738,'{3}','이유는 무엇입니까?',6),(739,'{4,5,6,7,8}','현 주제에 대해 얼마나 만족하십니까?',7),(740,'{4,5,6,7,8}','현 주제에 대해 얼마나 만족하십니까?',7),(741,'{3}','이유는 무엇입니까?',7),(742,'{4,5,6,7,8}','오전 라이브에 대해 얼마나 만족하십니까?',8),(743,'{1,2}','현 프로젝트에 대해 얼마나 만족하십니까?',8),(744,'{3}','이유는 무엇입니까?',8),(745,'{1,2}','현 주제에 대해 만족하십니까?',9),(746,'{4,5,6,7,8}','현 주제에 대해 얼마나 만족하십니까?',9),(747,'{3}','이유는 무엇입니까?',9),(748,'{4,5,6,7,8}','현 팀원들에 대해 얼마나 만족하십니까?',10),(749,'{4,5,6,7,8}','현 팀원들에 대해 만족하십니까?',10),(750,'{3}','이유는 무엇입니까?',10),(751,'{4,5,6,7,8}','현 팀원들에 대해 얼마나 만족하십니까?',11),(752,'{4,5,6,7,8}','오전 라이브에 대해 만족하십니까?',11),(753,'{3}','이유는 무엇입니까?',11),(754,'{4,5,6,7,8}','현 주제에 대해 만족하십니까?',12),(755,'{1,2}','오전 라이브에 대해 만족하십니까?',12),(756,'{3}','이유는 무엇입니까?',12),(757,'{4,5,6,7,8}','현 주제에 대해 만족하십니까?',13),(758,'{4,5,6,7,8}','현 팀원들에 대해 얼마나 만족하십니까?',13),(759,'{3}','이유는 무엇입니까?',13),(760,'{1,2}','현 프로젝트에 대해 만족하십니까?',14),(761,'{4,5,6,7,8}','현 프로젝트에 대해 만족하십니까?',14),(762,'{3}','이유는 무엇입니까?',14),(763,'{1,2}','현 주제에 대해 얼마나 만족하십니까?',15),(764,'{4,5,6,7,8}','오전 라이브에 대해 얼마나 만족하십니까?',15),(765,'{3}','이유는 무엇입니까?',15),(766,'{4,5,6,7,8}','오전 라이브에 대해 얼마나 만족하십니까?',1),(767,'{4,5,6,7,8}','오전 라이브에 대해 얼마나 만족하십니까?',1),(768,'{3}','이유는 무엇입니까?',1),(769,'{1,2}','현 주제에 대해 만족하십니까?',2),(770,'{4,5,6,7,8}','현 프로젝트에 대해 만족하십니까?',2),(771,'{3}','이유는 무엇입니까?',2),(772,'{1,2}','오전 라이브에 대해 만족하십니까?',3),(773,'{1,2}','현 프로젝트에 대해 얼마나 만족하십니까?',3),(774,'{3}','이유는 무엇입니까?',3),(775,'{4,5,6,7,8}','오전 라이브에 대해 얼마나 만족하십니까?',4),(776,'{1,2}','현 주제에 대해 만족하십니까?',4),(777,'{3}','이유는 무엇입니까?',4),(778,'{1,2}','현 주제에 대해 얼마나 만족하십니까?',5),(779,'{4,5,6,7,8}','현 프로젝트에 대해 얼마나 만족하십니까?',5),(780,'{3}','이유는 무엇입니까?',5),(781,'{4,5,6,7,8}','현 팀원들에 대해 만족하십니까?',6),(782,'{4,5,6,7,8}','현 팀원들에 대해 만족하십니까?',6),(783,'{3}','이유는 무엇입니까?',6),(784,'{1,2}','현 주제에 대해 만족하십니까?',7),(785,'{1,2}','오전 라이브에 대해 얼마나 만족하십니까?',7),(786,'{3}','이유는 무엇입니까?',7),(787,'{4,5,6,7,8}','현 팀원들에 대해 만족하십니까?',8),(788,'{4,5,6,7,8}','오전 라이브에 대해 만족하십니까?',8),(789,'{3}','이유는 무엇입니까?',8),(790,'{1,2}','현 프로젝트에 대해 만족하십니까?',9),(791,'{1,2}','오전 라이브에 대해 얼마나 만족하십니까?',9),(792,'{3}','이유는 무엇입니까?',9),(793,'{1,2}','현 팀원들에 대해 얼마나 만족하십니까?',10),(794,'{4,5,6,7,8}','오전 라이브에 대해 만족하십니까?',10),(795,'{3}','이유는 무엇입니까?',10),(796,'{1,2}','현 팀원들에 대해 만족하십니까?',11),(797,'{4,5,6,7,8}','현 프로젝트에 대해 만족하십니까?',11),(798,'{3}','이유는 무엇입니까?',11),(799,'{1,2}','현 주제에 대해 얼마나 만족하십니까?',12),(800,'{4,5,6,7,8}','현 주제에 대해 얼마나 만족하십니까?',12),(801,'{3}','이유는 무엇입니까?',12),(802,'{4,5,6,7,8}','현 프로젝트에 대해 만족하십니까?',13),(803,'{4,5,6,7,8}','현 팀원들에 대해 만족하십니까?',13),(804,'{3}','이유는 무엇입니까?',13),(805,'{4,5,6,7,8}','현 팀원들에 대해 얼마나 만족하십니까?',14),(806,'{4,5,6,7,8}','현 팀원들에 대해 만족하십니까?',14),(807,'{3}','이유는 무엇입니까?',14),(808,'{4,5,6,7,8}','현 주제에 대해 만족하십니까?',15),(809,'{4,5,6,7,8}','오전 라이브에 대해 얼마나 만족하십니까?',15),(810,'{3}','이유는 무엇입니까?',15),(811,'{1,2}','현 주제에 대해 얼마나 만족하십니까?',1),(812,'{4,5,6,7,8}','현 팀원들에 대해 만족하십니까?',1),(813,'{3}','이유는 무엇입니까?',1),(814,'{4,5,6,7,8}','현 주제에 대해 만족하십니까?',2),(815,'{4,5,6,7,8}','오전 라이브에 대해 만족하십니까?',2),(816,'{3}','이유는 무엇입니까?',2),(817,'{4,5,6,7,8}','현 팀원들에 대해 만족하십니까?',3),(818,'{1,2}','현 팀원들에 대해 만족하십니까?',3),(819,'{3}','이유는 무엇입니까?',3),(820,'{4,5,6,7,8}','오전 라이브에 대해 얼마나 만족하십니까?',4),(821,'{4,5,6,7,8}','현 프로젝트에 대해 만족하십니까?',4),(822,'{3}','이유는 무엇입니까?',4),(823,'{4,5,6,7,8}','현 프로젝트에 대해 만족하십니까?',5),(824,'{1,2}','현 주제에 대해 얼마나 만족하십니까?',5),(825,'{3}','이유는 무엇입니까?',5),(826,'{4,5,6,7,8}','현 팀원들에 대해 얼마나 만족하십니까?',6),(827,'{1,2}','현 팀원들에 대해 얼마나 만족하십니까?',6),(828,'{3}','이유는 무엇입니까?',6),(829,'{1,2}','오전 라이브에 대해 만족하십니까?',7),(830,'{4,5,6,7,8}','현 주제에 대해 얼마나 만족하십니까?',7),(831,'{3}','이유는 무엇입니까?',7),(832,'{1,2}','현 주제에 대해 얼마나 만족하십니까?',8),(833,'{1,2}','오전 라이브에 대해 만족하십니까?',8),(834,'{3}','이유는 무엇입니까?',8),(835,'{1,2}','현 팀원들에 대해 얼마나 만족하십니까?',9),(836,'{4,5,6,7,8}','오전 라이브에 대해 만족하십니까?',9),(837,'{3}','이유는 무엇입니까?',9),(838,'{1,2}','현 팀원들에 대해 얼마나 만족하십니까?',10),(839,'{1,2}','오전 라이브에 대해 얼마나 만족하십니까?',10),(840,'{3}','이유는 무엇입니까?',10),(841,'{4,5,6,7,8}','현 팀원들에 대해 얼마나 만족하십니까?',11),(842,'{4,5,6,7,8}','오전 라이브에 대해 얼마나 만족하십니까?',11),(843,'{3}','이유는 무엇입니까?',11),(844,'{4,5,6,7,8}','현 팀원들에 대해 얼마나 만족하십니까?',12),(845,'{4,5,6,7,8}','현 프로젝트에 대해 얼마나 만족하십니까?',12),(846,'{3}','이유는 무엇입니까?',12),(847,'{4,5,6,7,8}','현 프로젝트에 대해 얼마나 만족하십니까?',13),(848,'{1,2}','현 주제에 대해 만족하십니까?',13),(849,'{3}','이유는 무엇입니까?',13),(850,'{4,5,6,7,8}','현 주제에 대해 만족하십니까?',14),(851,'{4,5,6,7,8}','오전 라이브에 대해 얼마나 만족하십니까?',14),(852,'{3}','이유는 무엇입니까?',14),(853,'{1,2}','오전 라이브에 대해 만족하십니까?',15),(854,'{1,2}','현 프로젝트에 대해 얼마나 만족하십니까?',15),(855,'{3}','이유는 무엇입니까?',15),(856,'{4,5,6,7,8}','현 주제에 대해 얼마나 만족하십니까?',1),(857,'{4,5,6,7,8}','현 프로젝트에 대해 만족하십니까?',1),(858,'{3}','이유는 무엇입니까?',1),(859,'{1,2}','현 주제에 대해 얼마나 만족하십니까?',2),(860,'{1,2}','오전 라이브에 대해 만족하십니까?',2),(861,'{3}','이유는 무엇입니까?',2),(862,'{1,2}','현 주제에 대해 얼마나 만족하십니까?',3),(863,'{4,5,6,7,8}','현 주제에 대해 얼마나 만족하십니까?',3),(864,'{3}','이유는 무엇입니까?',3),(865,'{4,5,6,7,8}','오전 라이브에 대해 얼마나 만족하십니까?',4),(866,'{4,5,6,7,8}','현 주제에 대해 만족하십니까?',4),(867,'{3}','이유는 무엇입니까?',4),(868,'{1,2}','오전 라이브에 대해 얼마나 만족하십니까?',5),(869,'{4,5,6,7,8}','오전 라이브에 대해 얼마나 만족하십니까?',5),(870,'{3}','이유는 무엇입니까?',5),(871,'{1,2}','현 프로젝트에 대해 만족하십니까?',6),(872,'{1,2}','오전 라이브에 대해 얼마나 만족하십니까?',6),(873,'{3}','이유는 무엇입니까?',6),(874,'{4,5,6,7,8}','현 주제에 대해 얼마나 만족하십니까?',7),(875,'{4,5,6,7,8}','오전 라이브에 대해 만족하십니까?',7),(876,'{3}','이유는 무엇입니까?',7),(877,'{4,5,6,7,8}','오전 라이브에 대해 만족하십니까?',8),(878,'{4,5,6,7,8}','현 팀원들에 대해 만족하십니까?',8),(879,'{3}','이유는 무엇입니까?',8),(880,'{1,2}','오전 라이브에 대해 만족하십니까?',9),(881,'{1,2}','현 프로젝트에 대해 만족하십니까?',9),(882,'{3}','이유는 무엇입니까?',9),(883,'{4,5,6,7,8}','현 프로젝트에 대해 얼마나 만족하십니까?',10),(884,'{1,2}','현 팀원들에 대해 얼마나 만족하십니까?',10),(885,'{3}','이유는 무엇입니까?',10),(886,'{1,2}','현 주제에 대해 얼마나 만족하십니까?',11),(887,'{4,5,6,7,8}','오전 라이브에 대해 만족하십니까?',11),(888,'{3}','이유는 무엇입니까?',11),(889,'{4,5,6,7,8}','현 팀원들에 대해 얼마나 만족하십니까?',12),(890,'{4,5,6,7,8}','오전 라이브에 대해 얼마나 만족하십니까?',12),(891,'{3}','이유는 무엇입니까?',12),(892,'{4,5,6,7,8}','현 프로젝트에 대해 얼마나 만족하십니까?',13),(893,'{1,2}','현 주제에 대해 얼마나 만족하십니까?',13),(894,'{3}','이유는 무엇입니까?',13),(895,'{4,5,6,7,8}','오전 라이브에 대해 만족하십니까?',14),(896,'{4,5,6,7,8}','현 프로젝트에 대해 만족하십니까?',14),(897,'{3}','이유는 무엇입니까?',14),(898,'{1,2}','현 프로젝트에 대해 얼마나 만족하십니까?',15),(899,'{1,2}','현 팀원들에 대해 만족하십니까?',15),(900,'{3}','이유는 무엇입니까?',15);
/*!40000 ALTER TABLE `survey_question` ENABLE KEYS */;
UNLOCK TABLES;

--
-- Table structure for table `survey_response`
--

DROP TABLE IF EXISTS `survey_response`;
/*!40101 SET @saved_cs_client     = @@character_set_client */;
/*!50503 SET character_set_client = utf8mb4 */;
CREATE TABLE `survey_response` (
  `question_idx` bigint NOT NULL,
  `survey_idx` bigint NOT NULL,
  `user_idx` bigint NOT NULL,
  `response` varchar(255) COLLATE utf8mb4_unicode_ci DEFAULT NULL,
  PRIMARY KEY (`question_idx`,`survey_idx`,`user_idx`),
  KEY `FKq3mlsqt0biu43i5as5d29idbk` (`survey_idx`),
  KEY `FKiex9p28qw73rovldwsqotvjrb` (`user_idx`),
  CONSTRAINT `FKiex9p28qw73rovldwsqotvjrb` FOREIGN KEY (`user_idx`) REFERENCES `user` (`user_idx`),
  CONSTRAINT `FKka4rlk8eufd05n0pim9s3gt47` FOREIGN KEY (`question_idx`) REFERENCES `survey_question` (`question_idx`),
  CONSTRAINT `FKq3mlsqt0biu43i5as5d29idbk` FOREIGN KEY (`survey_idx`) REFERENCES `survey` (`survey_idx`)
) ENGINE=InnoDB DEFAULT CHARSET=utf8mb4 COLLATE=utf8mb4_unicode_ci;
/*!40101 SET character_set_client = @saved_cs_client */;

--
-- Dumping data for table `survey_response`
--

LOCK TABLES `survey_response` WRITE;
/*!40000 ALTER TABLE `survey_response` DISABLE KEYS */;
INSERT INTO `survey_response` VALUES (1,1,846285,'매우 만족'),(2,1,846285,'매우 만족'),(3,1,846285,'.'),(13,5,22,'만족'),(14,5,22,'만족'),(15,5,22,'123'),(22,8,21,'매우 만족'),(23,8,21,'만족'),(24,8,21,'asdfsf'),(37,13,21,'만족'),(38,13,21,'매우 만족'),(39,13,21,'123123'),(46,1,846285,'매우 만족'),(47,1,846285,'매우 만족'),(48,1,846285,'.'),(58,5,22,'매우 만족'),(59,5,22,'만족'),(60,5,22,'234'),(67,8,21,'만족'),(68,8,21,'매우 만족'),(69,8,21,'asdgsdag'),(82,13,21,'만족'),(83,13,21,'만족'),(84,13,21,'123123'),(91,1,846285,'매우 만족'),(92,1,846285,'매우 만족'),(93,1,846285,'.'),(103,5,22,'만족'),(104,5,22,'매우 만족'),(105,5,22,'345'),(112,8,21,'만족'),(113,8,21,'매우 만족'),(114,8,21,'qwfhsbs'),(127,13,21,'만족'),(128,13,21,'만족'),(129,13,21,'123123'),(136,1,846285,'매우 만족'),(137,1,846285,'매우 만족'),(138,1,846285,'.'),(148,5,22,'만족'),(149,5,22,'매우 만족'),(150,5,22,'456'),(157,8,21,'만족'),(158,8,21,'만족'),(159,8,21,'asdfv'),(172,13,21,'만족'),(173,13,21,'만족'),(174,13,21,'12312412'),(181,1,846285,'만족'),(182,1,846285,'매우 만족'),(183,1,846285,'.'),(193,5,22,'만족'),(194,5,22,'만족'),(195,5,22,'567'),(202,8,21,'만족'),(203,8,21,'보통'),(204,8,21,'wgdfag'),(217,13,21,'만족'),(218,13,21,'만족'),(219,13,21,'2345235'),(226,1,846285,'매우 만족'),(227,1,846285,'매우 만족'),(228,1,846285,' .'),(238,5,22,'매우 만족'),(239,5,22,'만족'),(240,5,22,'678'),(247,8,21,'만족'),(248,8,21,'보통'),(249,8,21,'qwgq'),(262,13,21,'만족'),(263,13,21,'만족'),(264,13,21,'dfasdgasd'),(271,1,846285,'만족'),(272,1,846285,'만족'),(273,1,846285,'.'),(283,5,22,'매우 만족'),(284,5,22,'매우 만족'),(285,5,22,'789'),(292,8,21,'불만족'),(293,8,21,'만족'),(294,8,21,'wqertqwet'),(307,13,21,'만족'),(308,13,21,'만족'),(309,13,21,'ergee'),(316,1,846285,'만족'),(317,1,846285,'매우 만족'),(318,1,846285,'.'),(328,5,22,'만족'),(329,5,22,'만족'),(330,5,22,'890'),(337,8,21,'만족'),(338,8,21,'만족'),(339,8,21,'vnvbnvb'),(352,13,21,'만족'),(353,13,21,'만족'),(354,13,21,'cvnncvb'),(361,1,846285,'만족'),(362,1,846285,'만족'),(363,1,846285,'.'),(373,5,22,'만족'),(374,5,22,'만족'),(375,5,22,'90-'),(382,8,21,'만족'),(383,8,21,'보통'),(384,8,21,'qertey'),(397,13,21,'만족'),(398,13,21,'만족'),(399,13,21,'webnsdfbn'),(406,1,846285,'만족'),(407,1,846285,'매우 만족'),(408,1,846285,'.'),(418,5,22,'만족'),(419,5,22,'매우 만족'),(420,5,22,'135'),(427,8,21,'만족'),(428,8,21,'만족'),(429,8,21,'sfgnsgn'),(442,13,21,'만족'),(443,13,21,'만족'),(444,13,21,'rnfgbdfedf'),(451,1,846285,'만족'),(452,1,846285,'만족'),(453,1,846285,' .'),(463,5,22,'매우 만족'),(464,5,22,'만족'),(465,5,22,'246'),(472,8,21,'만족'),(473,8,21,'만족'),(474,8,21,'ssncvbxnv'),(487,13,21,'만족'),(488,13,21,'만족'),(489,13,21,'ecvxbvcgdfg'),(496,1,846285,'매우 만족'),(497,1,846285,'만족'),(498,1,846285,'.'),(508,5,22,'매우 만족'),(509,5,22,'매우 만족'),(510,5,22,'357'),(517,8,21,'만족'),(518,8,21,'만족'),(519,8,21,'fghmghm'),(532,13,21,'만족'),(533,13,21,'만족'),(534,13,21,'wghbsgdcv'),(541,1,846285,'만족'),(542,1,846285,'매우 만족'),(543,1,846285,'.'),(553,5,22,'만족'),(554,5,22,'매우 만족'),(555,5,22,'3456'),(562,8,21,'만족'),(563,8,21,'만족'),(564,8,21,'32tergqw'),(577,13,21,'만족'),(578,13,21,'만족'),(579,13,21,'xcvngdfb'),(586,1,846285,'만족'),(587,1,846285,'만족'),(588,1,846285,'.'),(598,5,22,'매우 만족'),(599,5,22,'만족'),(600,5,22,'만족'),(607,8,21,'만족'),(608,8,21,'만족'),(609,8,21,'dvndfgn'),(622,13,21,'만족'),(623,13,21,'만족'),(624,13,21,'aehxvcbnfg'),(631,1,846285,'매우 만족'),(632,1,846285,'만족'),(633,1,846285,'.'),(643,5,22,'만족'),(644,5,22,'1234'),(645,5,22,'만족'),(652,8,21,'만족'),(653,8,21,'만족'),(654,8,21,'fgndfgnfdhqweteqrreg'),(667,13,21,'만족'),(668,13,21,'만족'),(669,13,21,'wgbsdsd'),(676,1,846285,'만족'),(677,1,846285,'매우 만족'),(678,1,846285,'.'),(688,5,22,'만족'),(689,5,22,'2345'),(690,5,22,'매우 만족'),(697,8,21,'만족'),(698,8,21,'만족'),(699,8,21,'sfgngfndf'),(712,13,21,'만족'),(713,13,21,'만족'),(714,13,21,'rnvbnsfg'),(721,1,846285,'매우 만족'),(722,1,846285,'만족'),(723,1,846285,'.'),(733,5,22,'매우 만족'),(734,5,22,'3456'),(735,5,22,'만족'),(742,8,21,'만족'),(743,8,21,'만족'),(744,8,21,'14qwerwetdbndnfg'),(757,13,21,'만족'),(758,13,21,'만족'),(759,13,21,'ghmcnfg'),(766,1,846285,'매우 만족'),(767,1,846285,'매우 만족'),(768,1,846285,'.'),(778,5,22,'매우 만족'),(779,5,22,'4567'),(780,5,22,'매우 만족'),(787,8,21,'만족'),(788,8,21,'만족'),(789,8,21,'b vbncm'),(802,13,21,'만족'),(803,13,21,'만족'),(804,13,21,'wgfzgera'),(811,1,846285,'만족'),(812,1,846285,'매우 만족'),(813,1,846285,'.'),(823,5,22,'만족'),(824,5,22,'5678'),(825,5,22,'만족'),(832,8,21,'만족'),(833,8,21,'만족'),(834,8,21,'134rwgvbndngf'),(847,13,21,'만족'),(848,13,21,'만족'),(849,13,21,'32zdbdfg'),(856,1,846285,'매우 만족'),(857,1,846285,'매우 만족'),(858,1,846285,'.'),(868,5,22,'매우 만족'),(869,5,22,'6789'),(877,8,21,'만족'),(878,8,21,'만족'),(879,8,21,'wetegs'),(892,13,21,'만족'),(893,13,21,'만족'),(894,13,21,'mtyukgnf');
/*!40000 ALTER TABLE `survey_response` ENABLE KEYS */;
UNLOCK TABLES;

--
-- Table structure for table `user`
--

DROP TABLE IF EXISTS `user`;
/*!40101 SET @saved_cs_client     = @@character_set_client */;
/*!50503 SET character_set_client = utf8mb4 */;
CREATE TABLE `user` (
  `user_idx` bigint NOT NULL AUTO_INCREMENT,
  `class_num` int DEFAULT NULL,
  `exp` int DEFAULT '0',
  `is_admin` int DEFAULT '0',
  `mileage` int DEFAULT '0',
  `password` varchar(100) CHARACTER SET utf8mb4 COLLATE utf8mb4_unicode_ci DEFAULT NULL,
  `region_code` int DEFAULT NULL,
  `token` longtext CHARACTER SET utf8mb4 COLLATE utf8mb4_unicode_ci,
  `track_code` int DEFAULT NULL,
  `user_email` varchar(100) CHARACTER SET utf8mb4 COLLATE utf8mb4_unicode_ci DEFAULT NULL,
  `user_img` longtext CHARACTER SET utf8mb4 COLLATE utf8mb4_unicode_ci,
  `user_name` varchar(50) CHARACTER SET utf8mb4 COLLATE utf8mb4_unicode_ci DEFAULT NULL,
  PRIMARY KEY (`user_idx`),
  UNIQUE KEY `user_UN` (`user_email`)
) ENGINE=InnoDB AUTO_INCREMENT=846286 DEFAULT CHARSET=utf8mb4 COLLATE=utf8mb4_unicode_ci;
/*!40101 SET character_set_client = @saved_cs_client */;

--
-- Dumping data for table `user`
--

LOCK TABLES `user` WRITE;
/*!40000 ALTER TABLE `user` DISABLE KEYS */;
INSERT INTO `user` VALUES (1,1,0,1,0,'$2a$08$lDnHPz7eUkSi6ao14Twuau08mzhWrL4kyZGGU5xfiGALO/Vxd5DOi',0,NULL,NULL,'admin1@ssafy.com',NULL,'고병진'),(2,1,0,1,0,'$2a$08$lDnHPz7eUkSi6ao14Twuau08mzhWrL4kyZGGU5xfiGALO/Vxd5DOi',0,'fRbGV5u2R5KMhVpN9AGXFk:APA91bFKFkuwBFJuiF3bFuxwbWtLW2Hym75BrcdLzfzUQmMtGky3D6-1NxYp-fjssjFSUX4Sa-qhO17ZlWFxls8fnbCY-m9L7cdIqj5C74NO7TltWcMA7gMLasM-JBkW27sg_Llb_Naw',NULL,'admin2@ssafy.com',NULL,'김신일'),(3,2,0,1,0,'$2a$08$lDnHPz7eUkSi6ao14Twuau08mzhWrL4kyZGGU5xfiGALO/Vxd5DOi',0,'djk1nq2_S26Fq0kiAYjFxo:APA91bHS3VXyj4DdxJn3DGm-WIkx_MiLuZioOe-hG0gRK8mjZ20siCtYnN5UqYlCymp6ijenIoQc-xeBbrWs8RpWlU9f0pG_ooOUJsGIKv5FFcji1X1DCm4Ezj3y8-6Z2A7DYYiXSTEj',NULL,'admin3@ssafy.com',NULL,'김단이'),(4,2,0,1,0,'$2a$08$lDnHPz7eUkSi6ao14Twuau08mzhWrL4kyZGGU5xfiGALO/Vxd5DOi',0,NULL,NULL,'admin4@ssafy.com',NULL,'admin4'),(5,3,0,1,0,'$2a$08$lDnHPz7eUkSi6ao14Twuau08mzhWrL4kyZGGU5xfiGALO/Vxd5DOi',0,NULL,NULL,'admin5@ssafy.com',NULL,'admin5'),(6,3,0,1,0,'$2a$08$lDnHPz7eUkSi6ao14Twuau08mzhWrL4kyZGGU5xfiGALO/Vxd5DOi',0,NULL,NULL,'admin6@ssafy.com',NULL,'admin6'),(7,4,0,1,0,'$2a$08$lDnHPz7eUkSi6ao14Twuau08mzhWrL4kyZGGU5xfiGALO/Vxd5DOi',0,NULL,NULL,'admin7@ssafy.com',NULL,'admin7'),(8,4,0,1,0,'$2a$08$lDnHPz7eUkSi6ao14Twuau08mzhWrL4kyZGGU5xfiGALO/Vxd5DOi',0,NULL,NULL,'admin8@ssafy.com',NULL,'admin8'),(9,5,0,1,0,'$2a$08$lDnHPz7eUkSi6ao14Twuau08mzhWrL4kyZGGU5xfiGALO/Vxd5DOi',0,NULL,NULL,'admin9@ssafy.com',NULL,'admin9'),(10,5,0,1,0,'$2a$08$lDnHPz7eUkSi6ao14Twuau08mzhWrL4kyZGGU5xfiGALO/Vxd5DOi',0,NULL,NULL,'admin10@ssafy.com',NULL,'admin10'),(11,2,0,1,0,'$2a$08$lDnHPz7eUkSi6ao14Twuau08mzhWrL4kyZGGU5xfiGALO/Vxd5DOi',1,'euSInyAYQFCH_qfQEAFG1D:APA91bGN8snhgXMg5jNxK4wQ9k1fuXGvM0X7Cpsk6K9u7KU_GtGAZ5woOux4VdTCx1adWX65Sl5fEYn-TBDEQJjz24aqV9sRh-igIoA1EGk5OiqcFXGkcBma0YyWMWqCq_7EPIDMxYMJ',NULL,'admin11@ssafy.com',NULL,'admin11'),(12,2,0,1,0,'$2a$08$lDnHPz7eUkSi6ao14Twuau08mzhWrL4kyZGGU5xfiGALO/Vxd5DOi',1,'fCU76Ey9Qzmn4-ZJAntA7W:APA91bHRQETUSiCkybg2_zeaU5UD5RCa8F34GU_6bxAAHp4-7Oz9z9RcwA50ZTJZEuDeltWkNzBFZbxMF8MR_YSSmYU1IG7DmK9ddMuWADucvNZJf-N1OOPqeS2Thq6L2E7-SH6E9q1Q',NULL,'admin12@ssafy.com',NULL,'admin12'),(13,2,0,1,0,'$2a$08$lDnHPz7eUkSi6ao14Twuau08mzhWrL4kyZGGU5xfiGALO/Vxd5DOi',1,NULL,NULL,'admin13@ssafy.com',NULL,'admin13'),(14,2,0,1,0,'$2a$08$lDnHPz7eUkSi6ao14Twuau08mzhWrL4kyZGGU5xfiGALO/Vxd5DOi',1,NULL,NULL,'admin14@ssafy.com',NULL,'admin14'),(15,2,0,1,0,'$2a$08$lDnHPz7eUkSi6ao14Twuau08mzhWrL4kyZGGU5xfiGALO/Vxd5DOi',1,NULL,NULL,'admin15@ssafy.com',NULL,'admin15'),(16,2,0,1,0,'$2a$08$lDnHPz7eUkSi6ao14Twuau08mzhWrL4kyZGGU5xfiGALO/Vxd5DOi',1,NULL,NULL,'admin16@ssafy.com',NULL,'admin16'),(17,2,0,1,0,'$2a$08$lDnHPz7eUkSi6ao14Twuau08mzhWrL4kyZGGU5xfiGALO/Vxd5DOi',1,NULL,NULL,'admin17@ssafy.com',NULL,'admin17'),(18,4,0,1,0,'$2a$08$lDnHPz7eUkSi6ao14Twuau08mzhWrL4kyZGGU5xfiGALO/Vxd5DOi',1,NULL,NULL,'admin18@ssafy.com',NULL,'admin18'),(19,5,0,1,0,'$2a$08$lDnHPz7eUkSi6ao14Twuau08mzhWrL4kyZGGU5xfiGALO/Vxd5DOi',1,NULL,NULL,'admin19@ssafy.com',NULL,'admin19'),(20,5,0,1,0,'$2a$08$lDnHPz7eUkSi6ao14Twuau08mzhWrL4kyZGGU5xfiGALO/Vxd5DOi',1,NULL,NULL,'admin20@ssafy.com',NULL,'admin20'),(21,1,0,0,0,'$2a$08$lDnHPz7eUkSi6ao14Twuau08mzhWrL4kyZGGU5xfiGALO/Vxd5DOi',0,NULL,NULL,'user21@ssafy.com',NULL,'user21'),(22,1,0,0,0,'$2a$08$lDnHPz7eUkSi6ao14Twuau08mzhWrL4kyZGGU5xfiGALO/Vxd5DOi',0,'euSInyAYQFCH_qfQEAFG1D:APA91bGN8snhgXMg5jNxK4wQ9k1fuXGvM0X7Cpsk6K9u7KU_GtGAZ5woOux4VdTCx1adWX65Sl5fEYn-TBDEQJjz24aqV9sRh-igIoA1EGk5OiqcFXGkcBma0YyWMWqCq_7EPIDMxYMJ',NULL,'user22@ssafy.com',NULL,'user22'),(23,2,0,0,0,'$2a$08$lDnHPz7eUkSi6ao14Twuau08mzhWrL4kyZGGU5xfiGALO/Vxd5DOi',0,'euSInyAYQFCH_qfQEAFG1D:APA91bGN8snhgXMg5jNxK4wQ9k1fuXGvM0X7Cpsk6K9u7KU_GtGAZ5woOux4VdTCx1adWX65Sl5fEYn-TBDEQJjz24aqV9sRh-igIoA1EGk5OiqcFXGkcBma0YyWMWqCq_7EPIDMxYMJ',NULL,'user23@ssafy.com',NULL,'user23'),(24,2,0,0,0,'$2a$08$lDnHPz7eUkSi6ao14Twuau08mzhWrL4kyZGGU5xfiGALO/Vxd5DOi',0,NULL,NULL,'user24@ssafy.com',NULL,'user24'),(25,3,0,0,0,'$2a$08$lDnHPz7eUkSi6ao14Twuau08mzhWrL4kyZGGU5xfiGALO/Vxd5DOi',0,NULL,NULL,'user25@ssafy.com',NULL,'user25'),(26,3,0,0,0,'$2a$08$lDnHPz7eUkSi6ao14Twuau08mzhWrL4kyZGGU5xfiGALO/Vxd5DOi',0,NULL,NULL,'user26@ssafy.com',NULL,'user26'),(27,4,0,0,0,'$2a$08$lDnHPz7eUkSi6ao14Twuau08mzhWrL4kyZGGU5xfiGALO/Vxd5DOi',0,NULL,NULL,'user27@ssafy.com',NULL,'user27'),(28,4,0,0,0,'$2a$08$lDnHPz7eUkSi6ao14Twuau08mzhWrL4kyZGGU5xfiGALO/Vxd5DOi',0,NULL,NULL,'user28@ssafy.com',NULL,'user28'),(29,5,0,0,0,'$2a$08$lDnHPz7eUkSi6ao14Twuau08mzhWrL4kyZGGU5xfiGALO/Vxd5DOi',0,NULL,NULL,'user29@ssafy.com',NULL,'user29'),(30,5,0,0,0,'$2a$08$lDnHPz7eUkSi6ao14Twuau08mzhWrL4kyZGGU5xfiGALO/Vxd5DOi',0,NULL,NULL,'user30@ssafy.com',NULL,'user30'),(31,6,0,0,0,'$2a$08$lDnHPz7eUkSi6ao14Twuau08mzhWrL4kyZGGU5xfiGALO/Vxd5DOi',0,NULL,NULL,'user31@ssafy.com',NULL,'user31'),(32,6,0,0,0,'$2a$08$lDnHPz7eUkSi6ao14Twuau08mzhWrL4kyZGGU5xfiGALO/Vxd5DOi',0,NULL,NULL,'user32@ssafy.com',NULL,'user32'),(33,7,0,0,0,'$2a$08$lDnHPz7eUkSi6ao14Twuau08mzhWrL4kyZGGU5xfiGALO/Vxd5DOi',0,NULL,NULL,'user33@ssafy.com',NULL,'user33'),(34,7,0,0,0,'$2a$08$lDnHPz7eUkSi6ao14Twuau08mzhWrL4kyZGGU5xfiGALO/Vxd5DOi',0,NULL,NULL,'user34@ssafy.com',NULL,'user34'),(35,8,0,0,0,'$2a$08$lDnHPz7eUkSi6ao14Twuau08mzhWrL4kyZGGU5xfiGALO/Vxd5DOi',0,NULL,NULL,'user35@ssafy.com',NULL,'user35'),(36,8,0,0,0,'$2a$08$lDnHPz7eUkSi6ao14Twuau08mzhWrL4kyZGGU5xfiGALO/Vxd5DOi',0,NULL,NULL,'user36@ssafy.com',NULL,'user36'),(37,9,0,0,0,'$2a$08$lDnHPz7eUkSi6ao14Twuau08mzhWrL4kyZGGU5xfiGALO/Vxd5DOi',0,NULL,NULL,'user37@ssafy.com',NULL,'user37'),(38,9,0,0,0,'$2a$08$lDnHPz7eUkSi6ao14Twuau08mzhWrL4kyZGGU5xfiGALO/Vxd5DOi',0,NULL,NULL,'user38@ssafy.com',NULL,'user38'),(39,10,0,0,0,'$2a$08$lDnHPz7eUkSi6ao14Twuau08mzhWrL4kyZGGU5xfiGALO/Vxd5DOi',0,NULL,NULL,'user39@ssafy.com',NULL,'user39'),(40,10,0,0,0,'$2a$08$lDnHPz7eUkSi6ao14Twuau08mzhWrL4kyZGGU5xfiGALO/Vxd5DOi',0,NULL,NULL,'user40@ssafy.com',NULL,'user40'),(41,11,0,0,0,'$2a$08$lDnHPz7eUkSi6ao14Twuau08mzhWrL4kyZGGU5xfiGALO/Vxd5DOi',0,NULL,NULL,'user41@ssafy.com',NULL,'user41'),(42,11,0,0,0,'$2a$08$lDnHPz7eUkSi6ao14Twuau08mzhWrL4kyZGGU5xfiGALO/Vxd5DOi',0,NULL,NULL,'user42@ssafy.com',NULL,'user42'),(43,12,0,0,0,'$2a$08$lDnHPz7eUkSi6ao14Twuau08mzhWrL4kyZGGU5xfiGALO/Vxd5DOi',0,NULL,NULL,'user43@ssafy.com',NULL,'user43'),(44,12,0,0,0,'$2a$08$lDnHPz7eUkSi6ao14Twuau08mzhWrL4kyZGGU5xfiGALO/Vxd5DOi',0,NULL,NULL,'user44@ssafy.com',NULL,'user44'),(45,13,0,0,0,'$2a$08$lDnHPz7eUkSi6ao14Twuau08mzhWrL4kyZGGU5xfiGALO/Vxd5DOi',0,NULL,NULL,'user45@ssafy.com',NULL,'user45'),(46,13,0,0,0,'$2a$08$lDnHPz7eUkSi6ao14Twuau08mzhWrL4kyZGGU5xfiGALO/Vxd5DOi',0,NULL,NULL,'user46@ssafy.com',NULL,'user46'),(47,14,0,0,0,'$2a$08$lDnHPz7eUkSi6ao14Twuau08mzhWrL4kyZGGU5xfiGALO/Vxd5DOi',0,NULL,NULL,'user47@ssafy.com',NULL,'user47'),(48,14,0,0,0,'$2a$08$lDnHPz7eUkSi6ao14Twuau08mzhWrL4kyZGGU5xfiGALO/Vxd5DOi',0,NULL,NULL,'user48@ssafy.com',NULL,'user48'),(49,15,0,0,0,'$2a$08$lDnHPz7eUkSi6ao14Twuau08mzhWrL4kyZGGU5xfiGALO/Vxd5DOi',0,NULL,NULL,'user49@ssafy.com',NULL,'user49'),(50,15,0,0,0,'$2a$08$lDnHPz7eUkSi6ao14Twuau08mzhWrL4kyZGGU5xfiGALO/Vxd5DOi',0,NULL,NULL,'user50@ssafy.com',NULL,'user50'),(51,16,0,0,0,'$2a$08$lDnHPz7eUkSi6ao14Twuau08mzhWrL4kyZGGU5xfiGALO/Vxd5DOi',0,NULL,NULL,'user51@ssafy.com',NULL,'user51'),(52,16,0,0,0,'$2a$08$lDnHPz7eUkSi6ao14Twuau08mzhWrL4kyZGGU5xfiGALO/Vxd5DOi',0,NULL,NULL,'user52@ssafy.com',NULL,'user52'),(53,17,0,0,0,'$2a$08$lDnHPz7eUkSi6ao14Twuau08mzhWrL4kyZGGU5xfiGALO/Vxd5DOi',0,NULL,NULL,'user53@ssafy.com',NULL,'user53'),(54,17,0,0,0,'$2a$08$lDnHPz7eUkSi6ao14Twuau08mzhWrL4kyZGGU5xfiGALO/Vxd5DOi',0,NULL,NULL,'user54@ssafy.com',NULL,'user54'),(55,18,0,0,0,'$2a$08$lDnHPz7eUkSi6ao14Twuau08mzhWrL4kyZGGU5xfiGALO/Vxd5DOi',0,NULL,NULL,'user55@ssafy.com',NULL,'user55'),(56,18,0,0,0,'$2a$08$lDnHPz7eUkSi6ao14Twuau08mzhWrL4kyZGGU5xfiGALO/Vxd5DOi',0,NULL,NULL,'user56@ssafy.com',NULL,'user56'),(57,19,0,0,0,'$2a$08$lDnHPz7eUkSi6ao14Twuau08mzhWrL4kyZGGU5xfiGALO/Vxd5DOi',0,NULL,NULL,'user57@ssafy.com',NULL,'user57'),(58,19,0,0,0,'$2a$08$lDnHPz7eUkSi6ao14Twuau08mzhWrL4kyZGGU5xfiGALO/Vxd5DOi',0,NULL,NULL,'user58@ssafy.com',NULL,'user58'),(59,1,0,0,0,'$2a$08$lDnHPz7eUkSi6ao14Twuau08mzhWrL4kyZGGU5xfiGALO/Vxd5DOi',0,NULL,NULL,'user59@ssafy.com',NULL,'user59'),(60,1,0,0,0,'$2a$08$lDnHPz7eUkSi6ao14Twuau08mzhWrL4kyZGGU5xfiGALO/Vxd5DOi',0,NULL,NULL,'user60@ssafy.com',NULL,'user60'),(61,2,0,0,0,'$2a$08$lDnHPz7eUkSi6ao14Twuau08mzhWrL4kyZGGU5xfiGALO/Vxd5DOi',0,NULL,NULL,'user61@ssafy.com',NULL,'user61'),(62,2,0,0,0,'$2a$08$lDnHPz7eUkSi6ao14Twuau08mzhWrL4kyZGGU5xfiGALO/Vxd5DOi',0,NULL,NULL,'user62@ssafy.com',NULL,'user62'),(63,3,0,0,0,'$2a$08$lDnHPz7eUkSi6ao14Twuau08mzhWrL4kyZGGU5xfiGALO/Vxd5DOi',0,NULL,NULL,'user63@ssafy.com',NULL,'user63'),(64,3,0,0,0,'$2a$08$lDnHPz7eUkSi6ao14Twuau08mzhWrL4kyZGGU5xfiGALO/Vxd5DOi',0,NULL,NULL,'user64@ssafy.com',NULL,'user64'),(65,4,0,0,0,'$2a$08$lDnHPz7eUkSi6ao14Twuau08mzhWrL4kyZGGU5xfiGALO/Vxd5DOi',0,NULL,NULL,'user65@ssafy.com',NULL,'user65'),(66,4,0,0,0,'$2a$08$lDnHPz7eUkSi6ao14Twuau08mzhWrL4kyZGGU5xfiGALO/Vxd5DOi',0,NULL,NULL,'user66@ssafy.com',NULL,'user66'),(67,5,0,0,0,'$2a$08$lDnHPz7eUkSi6ao14Twuau08mzhWrL4kyZGGU5xfiGALO/Vxd5DOi',0,NULL,NULL,'user67@ssafy.com',NULL,'user67'),(68,5,0,0,0,'$2a$08$lDnHPz7eUkSi6ao14Twuau08mzhWrL4kyZGGU5xfiGALO/Vxd5DOi',0,NULL,NULL,'user68@ssafy.com',NULL,'user68'),(69,6,0,0,0,'$2a$08$lDnHPz7eUkSi6ao14Twuau08mzhWrL4kyZGGU5xfiGALO/Vxd5DOi',0,NULL,NULL,'user69@ssafy.com',NULL,'user69'),(70,6,0,0,0,'$2a$08$lDnHPz7eUkSi6ao14Twuau08mzhWrL4kyZGGU5xfiGALO/Vxd5DOi',0,NULL,NULL,'user70@ssafy.com',NULL,'user70'),(71,7,0,0,0,'$2a$08$lDnHPz7eUkSi6ao14Twuau08mzhWrL4kyZGGU5xfiGALO/Vxd5DOi',0,NULL,NULL,'user71@ssafy.com',NULL,'user71'),(72,7,0,0,0,'$2a$08$lDnHPz7eUkSi6ao14Twuau08mzhWrL4kyZGGU5xfiGALO/Vxd5DOi',0,NULL,NULL,'user72@ssafy.com',NULL,'user72'),(73,8,0,0,0,'$2a$08$lDnHPz7eUkSi6ao14Twuau08mzhWrL4kyZGGU5xfiGALO/Vxd5DOi',0,NULL,NULL,'user73@ssafy.com',NULL,'user73'),(74,8,0,0,0,'$2a$08$lDnHPz7eUkSi6ao14Twuau08mzhWrL4kyZGGU5xfiGALO/Vxd5DOi',0,NULL,NULL,'user74@ssafy.com',NULL,'user74'),(75,9,0,0,0,'$2a$08$lDnHPz7eUkSi6ao14Twuau08mzhWrL4kyZGGU5xfiGALO/Vxd5DOi',0,NULL,NULL,'user75@ssafy.com',NULL,'user75'),(76,9,0,0,0,'$2a$08$lDnHPz7eUkSi6ao14Twuau08mzhWrL4kyZGGU5xfiGALO/Vxd5DOi',0,NULL,NULL,'user76@ssafy.com',NULL,'user76'),(77,10,0,0,0,'$2a$08$lDnHPz7eUkSi6ao14Twuau08mzhWrL4kyZGGU5xfiGALO/Vxd5DOi',0,NULL,NULL,'user77@ssafy.com',NULL,'user77'),(78,10,0,0,0,'$2a$08$lDnHPz7eUkSi6ao14Twuau08mzhWrL4kyZGGU5xfiGALO/Vxd5DOi',0,NULL,NULL,'user78@ssafy.com',NULL,'user78'),(79,11,0,0,0,'$2a$08$lDnHPz7eUkSi6ao14Twuau08mzhWrL4kyZGGU5xfiGALO/Vxd5DOi',0,NULL,NULL,'user79@ssafy.com',NULL,'user79'),(80,11,0,0,0,'$2a$08$lDnHPz7eUkSi6ao14Twuau08mzhWrL4kyZGGU5xfiGALO/Vxd5DOi',0,NULL,NULL,'user80@ssafy.com',NULL,'user80'),(81,12,0,0,0,'$2a$08$lDnHPz7eUkSi6ao14Twuau08mzhWrL4kyZGGU5xfiGALO/Vxd5DOi',0,NULL,NULL,'user81@ssafy.com',NULL,'user81'),(82,12,0,0,0,'$2a$08$lDnHPz7eUkSi6ao14Twuau08mzhWrL4kyZGGU5xfiGALO/Vxd5DOi',0,NULL,NULL,'user82@ssafy.com',NULL,'user82'),(83,13,0,0,0,'$2a$08$lDnHPz7eUkSi6ao14Twuau08mzhWrL4kyZGGU5xfiGALO/Vxd5DOi',0,NULL,NULL,'user83@ssafy.com',NULL,'user83'),(84,13,0,0,0,'$2a$08$lDnHPz7eUkSi6ao14Twuau08mzhWrL4kyZGGU5xfiGALO/Vxd5DOi',0,NULL,NULL,'user84@ssafy.com',NULL,'user84'),(85,14,0,0,0,'$2a$08$lDnHPz7eUkSi6ao14Twuau08mzhWrL4kyZGGU5xfiGALO/Vxd5DOi',0,NULL,NULL,'user85@ssafy.com',NULL,'user85'),(86,14,0,0,0,'$2a$08$lDnHPz7eUkSi6ao14Twuau08mzhWrL4kyZGGU5xfiGALO/Vxd5DOi',0,NULL,NULL,'user86@ssafy.com',NULL,'user86'),(87,15,0,0,0,'$2a$08$lDnHPz7eUkSi6ao14Twuau08mzhWrL4kyZGGU5xfiGALO/Vxd5DOi',0,NULL,NULL,'user87@ssafy.com',NULL,'user87'),(88,15,0,0,0,'$2a$08$lDnHPz7eUkSi6ao14Twuau08mzhWrL4kyZGGU5xfiGALO/Vxd5DOi',0,NULL,NULL,'user88@ssafy.com',NULL,'user88'),(89,16,0,0,0,'$2a$08$lDnHPz7eUkSi6ao14Twuau08mzhWrL4kyZGGU5xfiGALO/Vxd5DOi',0,NULL,NULL,'user89@ssafy.com',NULL,'user89'),(90,16,0,0,0,'$2a$08$lDnHPz7eUkSi6ao14Twuau08mzhWrL4kyZGGU5xfiGALO/Vxd5DOi',0,NULL,NULL,'user90@ssafy.com',NULL,'user90'),(91,17,0,0,0,'$2a$08$lDnHPz7eUkSi6ao14Twuau08mzhWrL4kyZGGU5xfiGALO/Vxd5DOi',0,NULL,NULL,'user91@ssafy.com',NULL,'user91'),(92,17,0,0,0,'$2a$08$lDnHPz7eUkSi6ao14Twuau08mzhWrL4kyZGGU5xfiGALO/Vxd5DOi',0,NULL,NULL,'user92@ssafy.com',NULL,'user92'),(93,18,0,0,0,'$2a$08$lDnHPz7eUkSi6ao14Twuau08mzhWrL4kyZGGU5xfiGALO/Vxd5DOi',0,NULL,NULL,'user93@ssafy.com',NULL,'user93'),(94,18,0,0,0,'$2a$08$lDnHPz7eUkSi6ao14Twuau08mzhWrL4kyZGGU5xfiGALO/Vxd5DOi',0,NULL,NULL,'user94@ssafy.com',NULL,'user94'),(95,19,0,0,0,'$2a$08$lDnHPz7eUkSi6ao14Twuau08mzhWrL4kyZGGU5xfiGALO/Vxd5DOi',0,NULL,NULL,'user95@ssafy.com',NULL,'user95'),(96,19,0,0,0,'$2a$08$lDnHPz7eUkSi6ao14Twuau08mzhWrL4kyZGGU5xfiGALO/Vxd5DOi',0,NULL,NULL,'user96@ssafy.com',NULL,'user96'),(555,1,0,0,30000,'$08$lDnHPz7eUkSi6ao14Twuau08mzhWrL4kyZGGU5xfiGALO/Vxd5DOi',1,NULL,1,'abf4@naver.com',NULL,'user4'),(846285,1,0,0,0,'$2a$08$lDnHPz7eUkSi6ao14Twuau08mzhWrL4kyZGGU5xfiGALO/Vxd5DOi',0,'cI33RC65QdeU9sv5HbyoWy:APA91bFSgW0LEPHco3o34IpOVC8SY-vl_reibOC4qRM1CxI0dy1cYNV1jvu9tZPOKcM9k4TAfcUgAaueBQGmUc7qhNsX8XUAJfDxqM0ltTSFF6wghn8LkRpzC1Bgc2l6wCUhnotm_uvV',NULL,'ktyoo226@naver.com','https://i.ytimg.com/vi/tXpd7pUj-0E/maxresdefault.jpg','김태영');
/*!40000 ALTER TABLE `user` ENABLE KEYS */;
UNLOCK TABLES;
/*!50003 SET @saved_cs_client      = @@character_set_client */ ;
/*!50003 SET @saved_cs_results     = @@character_set_results */ ;
/*!50003 SET @saved_col_connection = @@collation_connection */ ;
/*!50003 SET character_set_client  = utf8mb4 */ ;
/*!50003 SET character_set_results = utf8mb4 */ ;
/*!50003 SET collation_connection  = utf8mb4_0900_ai_ci */ ;
/*!50003 SET @saved_sql_mode       = @@sql_mode */ ;
/*!50003 SET sql_mode              = 'ONLY_FULL_GROUP_BY,STRICT_TRANS_TABLES,NO_ZERO_IN_DATE,NO_ZERO_DATE,ERROR_FOR_DIVISION_BY_ZERO,NO_ENGINE_SUBSTITUTION' */ ;
DELIMITER ;;
/*!50003 CREATE*/ /*!50017 DEFINER=`root`@`%`*/ /*!50003 TRIGGER `insert_user_alarm` AFTER INSERT ON `user` FOR EACH ROW BEGIN
    INSERT INTO alarm_default(consulting_alarm, notice_alarm, survey_alarm, user_id)
    VALUES (true, true, true, NEW.user_idx);
END */;;
DELIMITER ;
/*!50003 SET sql_mode              = @saved_sql_mode */ ;
/*!50003 SET character_set_client  = @saved_cs_client */ ;
/*!50003 SET character_set_results = @saved_cs_results */ ;
/*!50003 SET collation_connection  = @saved_col_connection */ ;
/*!50003 SET @saved_cs_client      = @@character_set_client */ ;
/*!50003 SET @saved_cs_results     = @@character_set_results */ ;
/*!50003 SET @saved_col_connection = @@collation_connection */ ;
/*!50003 SET character_set_client  = utf8mb4 */ ;
/*!50003 SET character_set_results = utf8mb4 */ ;
/*!50003 SET collation_connection  = utf8mb4_0900_ai_ci */ ;
/*!50003 SET @saved_sql_mode       = @@sql_mode */ ;
/*!50003 SET sql_mode              = 'ONLY_FULL_GROUP_BY,STRICT_TRANS_TABLES,NO_ZERO_IN_DATE,NO_ZERO_DATE,ERROR_FOR_DIVISION_BY_ZERO,NO_ENGINE_SUBSTITUTION' */ ;
DELIMITER ;;
/*!50003 CREATE*/ /*!50017 DEFINER=`root`@`%`*/ /*!50003 TRIGGER `user_authority` AFTER INSERT ON `user` FOR EACH ROW BEGIN 
	insert into user_authority(user_idx, authority_name) values(NEW.user_idx, 'ROLE_USER');
	IF NEW.is_admin = 1 THEN insert into user_authority(user_idx, authority_name) values(NEW.user_idx, 'ROLE_ADMIN');
end if;
	
END */;;
DELIMITER ;
/*!50003 SET sql_mode              = @saved_sql_mode */ ;
/*!50003 SET character_set_client  = @saved_cs_client */ ;
/*!50003 SET character_set_results = @saved_cs_results */ ;
/*!50003 SET collation_connection  = @saved_col_connection */ ;

--
-- Table structure for table `user_authority`
--

DROP TABLE IF EXISTS `user_authority`;
/*!40101 SET @saved_cs_client     = @@character_set_client */;
/*!50503 SET character_set_client = utf8mb4 */;
CREATE TABLE `user_authority` (
  `user_idx` bigint NOT NULL,
  `authority_name` varchar(50) COLLATE utf8mb4_unicode_ci NOT NULL,
  PRIMARY KEY (`user_idx`,`authority_name`),
  KEY `FK6ktglpl5mjosa283rvken2py5` (`authority_name`),
  CONSTRAINT `FK203699wr9o4n5yvue9xw3kdm1` FOREIGN KEY (`user_idx`) REFERENCES `user` (`user_idx`),
  CONSTRAINT `FK6ktglpl5mjosa283rvken2py5` FOREIGN KEY (`authority_name`) REFERENCES `authority` (`authority_name`)
) ENGINE=InnoDB DEFAULT CHARSET=utf8mb4 COLLATE=utf8mb4_unicode_ci;
/*!40101 SET character_set_client = @saved_cs_client */;

--
-- Dumping data for table `user_authority`
--

LOCK TABLES `user_authority` WRITE;
/*!40000 ALTER TABLE `user_authority` DISABLE KEYS */;
INSERT INTO `user_authority` VALUES (1,'ROLE_ADMIN'),(2,'ROLE_ADMIN'),(3,'ROLE_ADMIN'),(4,'ROLE_ADMIN'),(5,'ROLE_ADMIN'),(6,'ROLE_ADMIN'),(7,'ROLE_ADMIN'),(8,'ROLE_ADMIN'),(9,'ROLE_ADMIN'),(10,'ROLE_ADMIN'),(11,'ROLE_ADMIN'),(12,'ROLE_ADMIN'),(13,'ROLE_ADMIN'),(14,'ROLE_ADMIN'),(15,'ROLE_ADMIN'),(16,'ROLE_ADMIN'),(17,'ROLE_ADMIN'),(18,'ROLE_ADMIN'),(19,'ROLE_ADMIN'),(20,'ROLE_ADMIN'),(1,'ROLE_USER'),(2,'ROLE_USER'),(3,'ROLE_USER'),(4,'ROLE_USER'),(5,'ROLE_USER'),(6,'ROLE_USER'),(7,'ROLE_USER'),(8,'ROLE_USER'),(9,'ROLE_USER'),(10,'ROLE_USER'),(11,'ROLE_USER'),(12,'ROLE_USER'),(13,'ROLE_USER'),(14,'ROLE_USER'),(15,'ROLE_USER'),(16,'ROLE_USER'),(17,'ROLE_USER'),(18,'ROLE_USER'),(19,'ROLE_USER'),(20,'ROLE_USER'),(21,'ROLE_USER'),(22,'ROLE_USER'),(23,'ROLE_USER'),(24,'ROLE_USER'),(25,'ROLE_USER'),(26,'ROLE_USER'),(27,'ROLE_USER'),(28,'ROLE_USER'),(29,'ROLE_USER'),(30,'ROLE_USER'),(31,'ROLE_USER'),(32,'ROLE_USER'),(33,'ROLE_USER'),(34,'ROLE_USER'),(35,'ROLE_USER'),(36,'ROLE_USER'),(37,'ROLE_USER'),(38,'ROLE_USER'),(39,'ROLE_USER'),(40,'ROLE_USER'),(41,'ROLE_USER'),(42,'ROLE_USER'),(43,'ROLE_USER'),(44,'ROLE_USER'),(45,'ROLE_USER'),(46,'ROLE_USER'),(47,'ROLE_USER'),(48,'ROLE_USER'),(49,'ROLE_USER'),(50,'ROLE_USER'),(51,'ROLE_USER'),(52,'ROLE_USER'),(53,'ROLE_USER'),(54,'ROLE_USER'),(55,'ROLE_USER'),(56,'ROLE_USER'),(57,'ROLE_USER'),(58,'ROLE_USER'),(59,'ROLE_USER'),(60,'ROLE_USER'),(61,'ROLE_USER'),(62,'ROLE_USER'),(63,'ROLE_USER'),(64,'ROLE_USER'),(65,'ROLE_USER'),(66,'ROLE_USER'),(67,'ROLE_USER'),(68,'ROLE_USER'),(69,'ROLE_USER'),(70,'ROLE_USER'),(71,'ROLE_USER'),(72,'ROLE_USER'),(73,'ROLE_USER'),(74,'ROLE_USER'),(75,'ROLE_USER'),(76,'ROLE_USER'),(77,'ROLE_USER'),(78,'ROLE_USER'),(79,'ROLE_USER'),(80,'ROLE_USER'),(81,'ROLE_USER'),(82,'ROLE_USER'),(83,'ROLE_USER'),(84,'ROLE_USER'),(85,'ROLE_USER'),(86,'ROLE_USER'),(87,'ROLE_USER'),(88,'ROLE_USER'),(89,'ROLE_USER'),(90,'ROLE_USER'),(91,'ROLE_USER'),(92,'ROLE_USER'),(93,'ROLE_USER'),(94,'ROLE_USER'),(95,'ROLE_USER'),(96,'ROLE_USER'),(555,'ROLE_USER'),(846285,'ROLE_USER');
/*!40000 ALTER TABLE `user_authority` ENABLE KEYS */;
UNLOCK TABLES;

--
-- Table structure for table `user_job_info`
--

DROP TABLE IF EXISTS `user_job_info`;
/*!40101 SET @saved_cs_client     = @@character_set_client */;
/*!50503 SET character_set_client = utf8mb4 */;
CREATE TABLE `user_job_info` (
  `user_idx` bigint NOT NULL,
  `job_info_idx` bigint NOT NULL,
  PRIMARY KEY (`user_idx`,`job_info_idx`),
  KEY `FKgwghfgs7r2knxhp32uiwdjgnt` (`job_info_idx`),
  CONSTRAINT `FKb8sl9q9y2hey2htdhcmt9sf8w` FOREIGN KEY (`user_idx`) REFERENCES `user` (`user_idx`),
  CONSTRAINT `FKgwghfgs7r2knxhp32uiwdjgnt` FOREIGN KEY (`job_info_idx`) REFERENCES `job_info` (`id`)
) ENGINE=InnoDB DEFAULT CHARSET=utf8mb4 COLLATE=utf8mb4_unicode_ci;
/*!40101 SET character_set_client = @saved_cs_client */;

--
-- Dumping data for table `user_job_info`
--

LOCK TABLES `user_job_info` WRITE;
/*!40000 ALTER TABLE `user_job_info` DISABLE KEYS */;
/*!40000 ALTER TABLE `user_job_info` ENABLE KEYS */;
UNLOCK TABLES;

--
-- Dumping routines for database 'ssafy_web_db'
--
/*!50003 DROP PROCEDURE IF EXISTS `InsertAttendance` */;
/*!50003 SET @saved_cs_client      = @@character_set_client */ ;
/*!50003 SET @saved_cs_results     = @@character_set_results */ ;
/*!50003 SET @saved_col_connection = @@collation_connection */ ;
/*!50003 SET character_set_client  = utf8mb4 */ ;
/*!50003 SET character_set_results = utf8mb4 */ ;
/*!50003 SET collation_connection  = utf8mb4_0900_ai_ci */ ;
/*!50003 SET @saved_sql_mode       = @@sql_mode */ ;
/*!50003 SET sql_mode              = 'ONLY_FULL_GROUP_BY,STRICT_TRANS_TABLES,NO_ZERO_IN_DATE,NO_ZERO_DATE,ERROR_FOR_DIVISION_BY_ZERO,NO_ENGINE_SUBSTITUTION' */ ;
DELIMITER ;;
CREATE DEFINER=`root`@`%` PROCEDURE `InsertAttendance`()
BEGIN
	declare j int default 1;
	declare i int default 0;
	while i < 365 do
	
	set j = 1;
	 if i%100 = 0 then insert into attendance (user_idx , attendance_category ,attendance_date) values(j, 0, date_add('2022-01-01',interval i day));
	elseif i%101 = 0 then insert into attendance (user_idx , attendance_category ,attendance_date) values(j, 1, date_add('2022-01-01',interval i day));
	elseif i%102 = 0 then insert into attendance (user_idx , attendance_category ,attendance_date) values(j, 2, date_add('2022-01-01',interval i day));
	elseif i%103 = 0 then insert into attendance (user_idx , attendance_category ,attendance_date) values(j, 4, date_add('2022-01-01',interval i day));
	elseif i%104 = 0 then insert into attendance (user_idx , attendance_category ,attendance_date) values(j, 5, date_add('2022-01-01',interval i day));
	else insert into attendance (user_idx , attendance_category ,attendance_date) values(1, 3, date_add('2022-01-01',interval i day));
	end if;
	set j = 2;
	if i%100 = 1 then insert into attendance (user_idx , attendance_category ,attendance_date) values(j, 0, date_add('2022-01-01',interval i day));
	elseif i%101 = 1 then insert into attendance (user_idx , attendance_category ,attendance_date) values(j, 1, date_add('2022-01-01',interval i day));
	elseif i%102 = 1 then insert into attendance (user_idx , attendance_category ,attendance_date) values(j, 2, date_add('2022-01-01',interval i day));
	elseif i%103 = 1 then insert into attendance (user_idx , attendance_category ,attendance_date) values(j, 4, date_add('2022-01-01',interval i day));
	elseif i%104 = 1 then insert into attendance (user_idx , attendance_category ,attendance_date) values(j, 5, date_add('2022-01-01',interval i day));
	else insert into attendance (user_idx , attendance_category ,attendance_date) values(j, 3, date_add('2022-01-01',interval i day));
	end if;
	set i = i+1;
	end while;
END ;;
DELIMITER ;
/*!50003 SET sql_mode              = @saved_sql_mode */ ;
/*!50003 SET character_set_client  = @saved_cs_client */ ;
/*!50003 SET character_set_results = @saved_cs_results */ ;
/*!50003 SET collation_connection  = @saved_col_connection */ ;
/*!50003 DROP PROCEDURE IF EXISTS `InsertUser` */;
/*!50003 SET @saved_cs_client      = @@character_set_client */ ;
/*!50003 SET @saved_cs_results     = @@character_set_results */ ;
/*!50003 SET @saved_col_connection = @@collation_connection */ ;
/*!50003 SET character_set_client  = utf8mb4 */ ;
/*!50003 SET character_set_results = utf8mb4 */ ;
/*!50003 SET collation_connection  = utf8mb4_0900_ai_ci */ ;
/*!50003 SET @saved_sql_mode       = @@sql_mode */ ;
/*!50003 SET sql_mode              = 'ONLY_FULL_GROUP_BY,STRICT_TRANS_TABLES,NO_ZERO_IN_DATE,NO_ZERO_DATE,ERROR_FOR_DIVISION_BY_ZERO,NO_ENGINE_SUBSTITUTION' */ ;
DELIMITER ;;
CREATE DEFINER=`root`@`%` PROCEDURE `InsertUser`()
BEGIN
	declare i int default 1;
	declare j int default 1;
	declare k int default 1;
	while i < 6 do
		set j=1;
		while j < 3 do
			insert into user(class_num, is_admin, password, region_code, user_email, user_name)
			values(i, 1, '$2a$08$lDnHPz7eUkSi6ao14Twuau08mzhWrL4kyZGGU5xfiGALO/Vxd5DOi', 1, concat(concat('admin',k),'@ssafy.com'),concat('admin',k));
			set k = k+1;
			set j = j+1;
		end while;
	set i = i+1;
	end while;
	

	set i = 1;
	set j = 1;
	while i < 6 do
		set j=1;
		while j < 3 do
			insert into user(class_num, is_admin, password, region_code, user_email, user_name)
			values(i, 1, '$2a$08$lDnHPz7eUkSi6ao14Twuau08mzhWrL4kyZGGU5xfiGALO/Vxd5DOi', 2, concat(concat('admin',k),'@ssafy.com'),concat('admin',k));
			set k = k+1;
			set j = j+1;
		end while;
	set i = i+1;
	end while;


	set i = 1;
	set j = 1;
	while i < 20 do
		set j=1;
		while j < 3 do
			insert into user(class_num, is_admin, password, region_code, user_email, user_name)
			values(i, 0, '$2a$08$lDnHPz7eUkSi6ao14Twuau08mzhWrL4kyZGGU5xfiGALO/Vxd5DOi', 2, concat(concat('user',k),'@ssafy.com'),concat('user',k));
			set k = k+1;
			set j = j+1;
		end while;
	set i = i+1;
	end while;

set i = 1;
	set j = 1;
	while i < 20 do
		set j=1;
		while j < 3 do
			insert into user(class_num, is_admin, password, region_code, user_email, user_name)
			values(i, 0, '$2a$08$lDnHPz7eUkSi6ao14Twuau08mzhWrL4kyZGGU5xfiGALO/Vxd5DOi', 2, concat(concat('user',k),'@ssafy.com'),concat('user',k));
			set k = k+1;
			set j = j+1;
		end while;
	set i = i+1;
	end while;

END ;;
DELIMITER ;
/*!50003 SET sql_mode              = @saved_sql_mode */ ;
/*!50003 SET character_set_client  = @saved_cs_client */ ;
/*!50003 SET character_set_results = @saved_cs_results */ ;
/*!50003 SET collation_connection  = @saved_col_connection */ ;
/*!50003 DROP PROCEDURE IF EXISTS `testuserattendance` */;
/*!50003 SET @saved_cs_client      = @@character_set_client */ ;
/*!50003 SET @saved_cs_results     = @@character_set_results */ ;
/*!50003 SET @saved_col_connection = @@collation_connection */ ;
/*!50003 SET character_set_client  = utf8mb4 */ ;
/*!50003 SET character_set_results = utf8mb4 */ ;
/*!50003 SET collation_connection  = utf8mb4_0900_ai_ci */ ;
/*!50003 SET @saved_sql_mode       = @@sql_mode */ ;
/*!50003 SET sql_mode              = 'ONLY_FULL_GROUP_BY,STRICT_TRANS_TABLES,NO_ZERO_IN_DATE,NO_ZERO_DATE,ERROR_FOR_DIVISION_BY_ZERO,NO_ENGINE_SUBSTITUTION' */ ;
DELIMITER ;;
CREATE DEFINER=`root`@`%` PROCEDURE `testuserattendance`()
begin
declare i int default 0;
while i < 27 do
insert into attendance (user_idx , attendance_category ,attendance_date) values(846285, 3, date_add('2022-02-01',interval i day));
set i = i+1;
end while;
end ;;
DELIMITER ;
/*!50003 SET sql_mode              = @saved_sql_mode */ ;
/*!50003 SET character_set_client  = @saved_cs_client */ ;
/*!50003 SET character_set_results = @saved_cs_results */ ;
/*!50003 SET collation_connection  = @saved_col_connection */ ;
/*!40103 SET TIME_ZONE=@OLD_TIME_ZONE */;

/*!40101 SET SQL_MODE=@OLD_SQL_MODE */;
/*!40014 SET FOREIGN_KEY_CHECKS=@OLD_FOREIGN_KEY_CHECKS */;
/*!40014 SET UNIQUE_CHECKS=@OLD_UNIQUE_CHECKS */;
/*!40101 SET CHARACTER_SET_CLIENT=@OLD_CHARACTER_SET_CLIENT */;
/*!40101 SET CHARACTER_SET_RESULTS=@OLD_CHARACTER_SET_RESULTS */;
/*!40101 SET COLLATION_CONNECTION=@OLD_COLLATION_CONNECTION */;
/*!40111 SET SQL_NOTES=@OLD_SQL_NOTES */;

-- Dump completed on 2023-02-17 11:43:01
